Purchase Order Number,Vendor Name,Department,Address,Shipment ID,Load Number,Assigned SCAC,Executing SCAC,PRO,Trip ID,Truck Load Optimization Reference ID,Status,Destination,Pickup Date,In Yard Goal Date,Final Routing Expected By,Cartons,Weight,Cube,Pallet Spaces,Commodity,bol,Appointment Number,Created By,Review By Date,Last Updated By
10001780323,"Built Brands, LLC",94,"600 E. Quality Dr, American Fork, UT US 84003 ",SIQ14086672,70838530,SPTT,,,,,Awaiting Carrier Acceptance,588,2026-03-24,2026-03-28,2026-03-26,5,18,2,0.02,REF 40-60,,,SYSTEM,2026-03-18 23:59:00,steve@built.com
10001780323,"Built Brands, LLC",94,"600 E. Quality Dr, American Fork, UT US 84003 ",SIQ14086671,70838516,ARVY,,8543142,,,"Carrier Accepted, Awaiting Pickup",3865,2026-03-24,2026-04-02,2026-03-31,37,130,12,0.11,DRY FOOD,,,SYSTEM,2026-03-18 23:59:00,steve@built.com
10001780323,"Built Brands, LLC",94,"600 E. Quality Dr, American Fork, UT US 84003 ",SIQ14086670,70840035,ARVY,,8543110,,,"Carrier Accepted, Awaiting Pickup",3857,2026-03-24,2026-04-07,2026-04-02,305,1068,92,0.87,DRY FOOD,,,SYSTEM,2026-03-18 23:59:00,steve@built.com
10001780323,"Built Brands, LLC",94,"600 E. Quality Dr, American Fork, UT US 84003 ",SIQ14086669,,,,,,,Routing In Progress,3868,,2026-04-03,2026-03-31,183,641,55,0.52,REF 40-60,,,SYSTEM,2026-03-18 23:59:00,steve@built.com
10001780323,"Built Brands, LLC",94,"600 E. Quality Dr, American Fork, UT US 84003 ",SIQ14086668,70838516,ARVY,,8543142,,,"Carrier Accepted, Awaiting Pickup",3803,2026-03-24,2026-04-01,2026-03-26,273,956,82,0.78,DRY FOOD,,,SYSTEM,2026-03-18 23:59:00,steve@built.com
10001780323,"Built Brands, LLC",94,"600 E. Quality Dr, American Fork, UT US 84003 ",SIQ14086667,70838523,SPTT,,,,,Awaiting Carrier Acceptance,3806,2026-03-24,2026-03-28,2026-03-26,328,1148,99,0.93,REF 40-60,,,SYSTEM,2026-03-18 23:59:00,steve@built.com
10001780323,"Built Brands, LLC",94,"600 E. Quality Dr, American Fork, UT US 84003 ",SIQ14086666,70838516,ARVY,,8543142,,,"Carrier Accepted, Awaiting Pickup",3811,2026-03-24,2026-04-04,2026-03-30,421,1474,127,1.2,DRY FOOD,,,SYSTEM,2026-03-18 23:59:00,steve@built.com
10001780323,"Built Brands, LLC",94,"600 E. Quality Dr, American Fork, UT US 84003 ",SIQ14086665,70838528,SPTT,,,,,Awaiting Carrier Acceptance,3801,2026-03-24,2026-03-31,2026-03-27,202,707,61,0.57,REF 40-60,,,SYSTEM,2026-03-18 23:59:00,steve@built.com
10001780323,"Built Brands, LLC",94,"600 E. Quality Dr, American Fork, UT US 84003 ",SIQ14086664,70838525,SPTT,,,,,Awaiting Carrier Acceptance,3808,2026-03-24,2026-04-04,2026-03-26,401,1404,121,1.51,REF 40-60,,,SYSTEM,2026-03-18 23:59:00,steve@built.com
10001780323,"Built Brands, LLC",94,"600 E. Quality Dr, American Fork, UT US 84003 ",SIQ14086663,70838526,SPTT,,,,,Awaiting Carrier Acceptance,3856,2026-03-24,2026-03-28,2026-03-26,85,298,26,0.32,REF 40-60,,,SYSTEM,2026-03-18 23:59:00,steve@built.com
10001780323,"Built Brands, LLC",94,"600 E. Quality Dr, American Fork, UT US 84003 ",SIQ14086662,70838521,ARVY,,8543144,,,"Carrier Accepted, Awaiting Pickup",3804,2026-03-24,2026-04-04,2026-03-31,407,1425,123,1.54,DRY FOOD,,,SYSTEM,2026-03-18 23:59:00,steve@built.com
10001780323,"Built Brands, LLC",94,"600 E. Quality Dr, American Fork, UT US 84003 ",SIQ14086661,70838520,ARVY,,8543160,,,"Carrier Accepted, Awaiting Pickup",3802,2026-03-24,2026-04-06,2026-03-31,333,1166,100,1.26,DRY FOOD,,,SYSTEM,2026-03-18 23:59:00,steve@built.com
10001780323,"Built Brands, LLC",94,"600 E. Quality Dr, American Fork, UT US 84003 ",SIQ14086660,70838516,ARVY,,8543142,,,"Carrier Accepted, Awaiting Pickup",590,2026-03-24,2026-04-02,2026-03-31,361,1264,109,1.37,DRY FOOD,,,SYSTEM,2026-03-18 23:59:00,steve@built.com
10001780323,"Built Brands, LLC",94,"600 E. Quality Dr, American Fork, UT US 84003 ",SIQ14086659,70838522,SPTT,,,,,Awaiting Carrier Acceptance,593,2026-03-24,2026-03-28,2026-03-26,249,872,75,0.94,REF 40-60,,,SYSTEM,2026-03-18 23:59:00,steve@built.com
10001780323,"Built Brands, LLC",94,"600 E. Quality Dr, American Fork, UT US 84003 ",SIQ14086658,70838516,ARVY,,8543142,,,"Carrier Accepted, Awaiting Pickup",587,2026-03-24,2026-04-03,2026-03-30,286,1001,86,1.08,DRY FOOD,,,SYSTEM,2026-03-18 23:59:00,steve@built.com
10001780323,"Built Brands, LLC",94,"600 E. Quality Dr, American Fork, UT US 84003 ",SIQ14086657,70838521,ARVY,,8543144,,,"Carrier Accepted, Awaiting Pickup",580,2026-03-24,2026-04-03,2026-03-31,323,1131,97,2.2,DRY FOOD,,,SYSTEM,2026-03-18 23:59:00,steve@built.com
10001780323,"Built Brands, LLC",94,"600 E. Quality Dr, American Fork, UT US 84003 ",SIQ14086656,70838521,ARVY,,8543144,,,"Carrier Accepted, Awaiting Pickup",594,2026-03-24,2026-04-05,2026-03-26,446,1561,134,1.69,DRY FOOD,,,SYSTEM,2026-03-18 23:59:00,steve@built.com
10001780323,"Built Brands, LLC",94,"600 E. Quality Dr, American Fork, UT US 84003 ",SIQ14086655,70838521,ARVY,,8543144,,,"Carrier Accepted, Awaiting Pickup",589,2026-03-24,2026-04-05,2026-03-31,377,1320,114,1.43,DRY FOOD,,,SYSTEM,2026-03-18 23:59:00,steve@built.com
10001780323,"Built Brands, LLC",94,"600 E. Quality Dr, American Fork, UT US 84003 ",SIQ14086654,70838516,ARVY,,8543142,,,"Carrier Accepted, Awaiting Pickup",558,2026-03-24,2026-03-29,2026-03-26,240,840,72,0.9,DRY FOOD,,,SYSTEM,2026-03-18 23:59:00,steve@built.com
10001780323,"Built Brands, LLC",94,"600 E. Quality Dr, American Fork, UT US 84003 ",SIQ14086653,70838520,ARVY,,8543160,,,"Carrier Accepted, Awaiting Pickup",579,2026-03-24,2026-04-06,2026-03-31,524,1834,158,1.98,DRY FOOD,,,SYSTEM,2026-03-18 23:59:00,steve@built.com
10001780323,"Built Brands, LLC",94,"600 E. Quality Dr, American Fork, UT US 84003 ",SIQ14086652,70838529,SPTT,,,,,Awaiting Carrier Acceptance,556,2026-03-24,2026-04-04,2026-03-27,328,1148,99,1.24,REF 40-60,,,SYSTEM,2026-03-18 23:59:00,steve@built.com
10001780323,"Built Brands, LLC",94,"600 E. Quality Dr, American Fork, UT US 84003 ",SIQ14086651,70838527,SPTT,,,,,Awaiting Carrier Acceptance,555,2026-03-24,2026-03-28,2026-03-26,294,1029,89,1.11,REF 40-60,,,SYSTEM,2026-03-18 23:59:00,steve@built.com
10001780323,"Built Brands, LLC",94,"600 E. Quality Dr, American Fork, UT US 84003 ",SIQ14086650,70838518,SPTT,,,,,Awaiting Carrier Acceptance,578,2026-03-24,2026-04-02,2026-03-31,331,1159,100,1.25,REF 40-60,,,SYSTEM,2026-03-18 23:59:00,steve@built.com
10001780323,"Built Brands, LLC",94,"600 E. Quality Dr, American Fork, UT US 84003 ",SIQ14086649,70838516,ARVY,,8543142,,,"Carrier Accepted, Awaiting Pickup",554,2026-03-24,2026-03-31,2026-03-31,172,602,52,0.65,DRY FOOD,,,SYSTEM,2026-03-18 23:59:00,steve@built.com
10001780323,"Built Brands, LLC",94,"600 E. Quality Dr, American Fork, UT US 84003 ",SIQ14086648,70838516,ARVY,,8543142,,,"Carrier Accepted, Awaiting Pickup",559,2026-03-24,2026-04-03,2026-03-30,330,1155,99,1.25,DRY FOOD,,,SYSTEM,2026-03-18 23:59:00,steve@built.com
10001780323,"Built Brands, LLC",94,"600 E. Quality Dr, American Fork, UT US 84003 ",SIQ14086647,70838516,ARVY,,8543142,,,"Carrier Accepted, Awaiting Pickup",557,2026-03-24,2026-04-02,2026-03-27,342,1197,103,1.3,DRY FOOD,,,SYSTEM,2026-03-18 23:59:00,steve@built.com
10001780323,"Built Brands, LLC",94,"600 E. Quality Dr, American Fork, UT US 84003 ",SIQ14086646,70838520,ARVY,,8543160,,,"Carrier Accepted, Awaiting Pickup",560,2026-03-24,2026-04-06,2026-04-01,374,1309,113,1.42,DRY FOOD,,,SYSTEM,2026-03-18 23:59:00,steve@built.com
10001780323,"Built Brands, LLC",94,"600 E. Quality Dr, American Fork, UT US 84003 ",SIQ14086645,70838519,SPTT,,,,,Awaiting Carrier Acceptance,553,2026-03-24,2026-03-28,2026-03-26,189,662,57,0.72,REF 40-60,,,SYSTEM,2026-03-18 23:59:00,steve@built.com
10001780323,"Built Brands, LLC",94,"600 E. Quality Dr, American Fork, UT US 84003 ",SIQ14086644,70838521,ARVY,,8543144,,,"Carrier Accepted, Awaiting Pickup",551,2026-03-24,2026-04-08,2026-04-06,221,774,67,0.84,DRY FOOD,,,SYSTEM,2026-03-18 23:59:00,steve@built.com
10001779443,"Built Brands, LLC",71,"600 E. Quality Dr, American Fork, UT US 84003 ",SIQ14079437,70838530,SPTT,,,,,Awaiting Carrier Acceptance,588,2026-03-24,2026-03-28,2026-03-26,1626,4893,320,4.64,REF 40-60,,,SYSTEM,2026-03-18 23:59:00,steve@built.com
10001779443,"Built Brands, LLC",71,"600 E. Quality Dr, American Fork, UT US 84003 ",SIQ14079436,70838529,SPTT,,,,,Awaiting Carrier Acceptance,556,2026-03-24,2026-04-04,2026-03-27,1755,5310,346,5.04,REF 40-60,,,SYSTEM,2026-03-18 23:59:00,steve@built.com
10001779443,"Built Brands, LLC",71,"600 E. Quality Dr, American Fork, UT US 84003 ",SIQ14079435,70838521,ARVY,,8543144,,,"Carrier Accepted, Awaiting Pickup",580,2026-03-24,2026-04-03,2026-03-31,1602,4851,316,4.6,DRY FOOD,,,SYSTEM,2026-03-18 23:59:00,steve@built.com
10001779443,"Built Brands, LLC",71,"600 E. Quality Dr, American Fork, UT US 84003 ",SIQ14079434,70838528,SPTT,,,,,Awaiting Carrier Acceptance,3801,2026-03-24,2026-03-31,2026-03-27,653,1989,129,1.89,REF 40-60,,,SYSTEM,2026-03-18 23:59:00,steve@built.com
10001779443,"Built Brands, LLC",71,"600 E. Quality Dr, American Fork, UT US 84003 ",SIQ14079433,70838520,ARVY,,8543160,,,"Carrier Accepted, Awaiting Pickup",3857,2026-03-24,2026-04-07,2026-04-02,610,1845,118,1.75,DRY FOOD,,,SYSTEM,2026-03-18 23:59:00,steve@built.com
10001779443,"Built Brands, LLC",71,"600 E. Quality Dr, American Fork, UT US 84003 ",SIQ14079432,70838527,SPTT,,,,,Awaiting Carrier Acceptance,555,2026-03-24,2026-03-28,2026-03-26,2432,7311,476,6.93,REF 40-60,,,SYSTEM,2026-03-18 23:59:00,steve@built.com
10001779443,"Built Brands, LLC",71,"600 E. Quality Dr, American Fork, UT US 84003 ",SIQ14079431,70838526,SPTT,,,,,Awaiting Carrier Acceptance,3856,2026-03-24,2026-03-29,2026-03-26,157,471,31,0.45,REF 40-60,,,SYSTEM,2026-03-18 23:59:00,steve@built.com
10001779443,"Built Brands, LLC",71,"600 E. Quality Dr, American Fork, UT US 84003 ",SIQ14079430,70838516,ARVY,,8543142,,,"Carrier Accepted, Awaiting Pickup",554,2026-03-24,2026-03-31,2026-03-31,1850,5580,362,5.29,DRY FOOD,,,SYSTEM,2026-03-18 23:59:00,steve@built.com
10001779443,"Built Brands, LLC",71,"600 E. Quality Dr, American Fork, UT US 84003 ",SIQ14079429,70838525,SPTT,,,,,Awaiting Carrier Acceptance,3808,2026-03-24,2026-04-04,2026-03-26,1603,4824,314,4.57,REF 40-60,,,SYSTEM,2026-03-18 23:59:00,steve@built.com
10001779443,"Built Brands, LLC",71,"600 E. Quality Dr, American Fork, UT US 84003 ",SIQ14079428,,,,,,,Routing In Progress,3868,,2026-04-03,2026-03-31,234,717,47,0.69,REF 40-60,,,SYSTEM,2026-03-18 23:59:00,steve@built.com
10001779443,"Built Brands, LLC",71,"600 E. Quality Dr, American Fork, UT US 84003 ",SIQ14079427,70838516,ARVY,,8543142,,,"Carrier Accepted, Awaiting Pickup",3865,2026-03-24,2026-04-03,2026-04-01,210,645,42,0.61,DRY FOOD,,,SYSTEM,2026-03-18 23:59:00,steve@built.com
10001779443,"Built Brands, LLC",71,"600 E. Quality Dr, American Fork, UT US 84003 ",SIQ14079426,70838521,ARVY,,8543144,,,"Carrier Accepted, Awaiting Pickup",3811,2026-03-24,2026-04-04,2026-03-30,2284,6987,453,6.64,DRY FOOD,,,SYSTEM,2026-03-18 23:59:00,steve@built.com
10001779443,"Built Brands, LLC",71,"600 E. Quality Dr, American Fork, UT US 84003 ",SIQ14079425,70838523,SPTT,,,,,Awaiting Carrier Acceptance,3806,2026-03-24,2026-03-29,2026-03-27,1176,3528,233,3.34,REF 40-60,,,SYSTEM,2026-03-18 23:59:00,steve@built.com
10001779443,"Built Brands, LLC",71,"600 E. Quality Dr, American Fork, UT US 84003 ",SIQ14079424,70838522,SPTT,,,,,Awaiting Carrier Acceptance,593,2026-03-24,2026-03-28,2026-03-26,2559,7692,501,7.29,REF 40-60,,,SYSTEM,2026-03-18 23:59:00,steve@built.com
10001779443,"Built Brands, LLC",71,"600 E. Quality Dr, American Fork, UT US 84003 ",SIQ14079423,70840035,ARVY,,8543110,,,"Carrier Accepted, Awaiting Pickup",590,2026-03-24,2026-04-02,2026-03-31,2652,7971,522,7.55,DRY FOOD,,,SYSTEM,2026-03-18 23:59:00,steve@built.com
10001779443,"Built Brands, LLC",71,"600 E. Quality Dr, American Fork, UT US 84003 ",SIQ14079422,70838521,ARVY,,8543144,,,"Carrier Accepted, Awaiting Pickup",3804,2026-03-24,2026-04-04,2026-03-31,2368,7119,463,6.74,DRY FOOD,,,SYSTEM,2026-03-18 23:59:00,steve@built.com
10001779443,"Built Brands, LLC",71,"600 E. Quality Dr, American Fork, UT US 84003 ",SIQ14079421,70838520,ARVY,,8543160,,,"Carrier Accepted, Awaiting Pickup",594,2026-03-24,2026-04-05,2026-03-26,3485,10500,680,9.95,DRY FOOD,,,SYSTEM,2026-03-18 23:59:00,steve@built.com
10001779443,"Built Brands, LLC",71,"600 E. Quality Dr, American Fork, UT US 84003 ",SIQ14079420,70840035,ARVY,,8543110,,,"Carrier Accepted, Awaiting Pickup",3803,2026-03-24,2026-04-02,2026-03-27,1566,4743,311,4.5,DRY FOOD,,,SYSTEM,2026-03-18 23:59:00,steve@built.com
10001779443,"Built Brands, LLC",71,"600 E. Quality Dr, American Fork, UT US 84003 ",SIQ14079419,70839804,ARVY,,8543115,,,"Carrier Accepted, Awaiting Pickup",3802,2026-03-24,2026-04-06,2026-03-31,3615,10995,710,10.44,DRY FOOD,,,SYSTEM,2026-03-18 23:59:00,steve@built.com
10001779443,"Built Brands, LLC",71,"600 E. Quality Dr, American Fork, UT US 84003 ",SIQ14079418,70839804,ARVY,,8543115,,,"Carrier Accepted, Awaiting Pickup",589,2026-03-24,2026-04-07,2026-04-02,747,2256,148,2.14,DRY FOOD,,,SYSTEM,2026-03-18 23:59:00,steve@built.com
10001779443,"Built Brands, LLC",71,"600 E. Quality Dr, American Fork, UT US 84003 ",SIQ14079417,70840035,ARVY,,8543110,,,"Carrier Accepted, Awaiting Pickup",587,2026-03-24,2026-04-03,2026-03-30,2203,6624,431,6.28,DRY FOOD,,,SYSTEM,2026-03-18 23:59:00,steve@built.com
10001779443,"Built Brands, LLC",71,"600 E. Quality Dr, American Fork, UT US 84003 ",SIQ14079416,70838520,ARVY,,8543160,,,"Carrier Accepted, Awaiting Pickup",579,2026-03-24,2026-04-06,2026-03-31,3092,9306,604,8.82,DRY FOOD,,,SYSTEM,2026-03-18 23:59:00,steve@built.com
10001779443,"Built Brands, LLC",71,"600 E. Quality Dr, American Fork, UT US 84003 ",SIQ14079415,70838516,ARVY,,8543142,,,"Carrier Accepted, Awaiting Pickup",558,2026-03-24,2026-03-29,2026-03-26,2072,6216,405,5.89,DRY FOOD,,,SYSTEM,2026-03-18 23:59:00,steve@built.com
10001779443,"Built Brands, LLC",71,"600 E. Quality Dr, American Fork, UT US 84003 ",SIQ14079414,70838519,SPTT,,,,,Awaiting Carrier Acceptance,553,2026-03-24,2026-03-28,2026-03-26,1585,4770,313,4.52,REF 40-60,,,SYSTEM,2026-03-18 23:59:00,steve@built.com
10001779443,"Built Brands, LLC",71,"600 E. Quality Dr, American Fork, UT US 84003 ",SIQ14079413,70840035,ARVY,,8543110,,,"Carrier Accepted, Awaiting Pickup",559,2026-03-24,2026-04-03,2026-03-30,2300,6900,451,6.53,DRY FOOD,,,SYSTEM,2026-03-18 23:59:00,steve@built.com
10001779443,"Built Brands, LLC",71,"600 E. Quality Dr, American Fork, UT US 84003 ",SIQ14079412,70838518,SPTT,,,,,Awaiting Carrier Acceptance,578,2026-03-24,2026-04-02,2026-03-31,1701,5148,336,4.88,REF 40-60,,,SYSTEM,2026-03-18 23:59:00,steve@built.com
10001779443,"Built Brands, LLC",71,"600 E. Quality Dr, American Fork, UT US 84003 ",SIQ14079411,70839804,ARVY,,8543115,,,"Carrier Accepted, Awaiting Pickup",560,2026-03-24,2026-04-06,2026-04-01,3248,9759,631,9.24,DRY FOOD,,,SYSTEM,2026-03-18 23:59:00,steve@built.com
10001779443,"Built Brands, LLC",71,"600 E. Quality Dr, American Fork, UT US 84003 ",SIQ14079410,,,,,,,Routing In Progress,551,,2026-04-08,2026-04-06,2720,8175,528,7.74,DRY FOOD,,,SYSTEM,2026-03-18 23:59:00,steve@built.com
10001779443,"Built Brands, LLC",71,"600 E. Quality Dr, American Fork, UT US 84003 ",SIQ14079409,70838516,ARVY,,8543142,,,"Carrier Accepted, Awaiting Pickup",557,2026-03-24,2026-04-02,2026-03-27,1959,5877,382,5.57,DRY FOOD,,,SYSTEM,2026-03-18 23:59:00,steve@built.com
10001759264,"Built Brands, LLC",71,"600 E. Quality Dr, American Fork, UT US 84003 ",SIQ13902570,,,,,,,Content Review Required,3808,,2026-04-18,,2346,6117,452,3.37,,,,SYSTEM,2026-03-31 23:59:00,
10001759264,"Built Brands, LLC",71,"600 E. Quality Dr, American Fork, UT US 84003 ",SIQ13902569,,,,,,,Content Review Required,3811,,2026-04-18,,3094,8067,596,4.45,,,,SYSTEM,2026-03-31 23:59:00,
10001759264,"Built Brands, LLC",71,"600 E. Quality Dr, American Fork, UT US 84003 ",SIQ13902568,,,,,,,Content Review Required,3868,,2026-04-17,,612,1596,118,0.88,,,,SYSTEM,2026-03-31 23:59:00,
10001759264,"Built Brands, LLC",71,"600 E. Quality Dr, American Fork, UT US 84003 ",SIQ13902567,,,,,,,Content Review Required,3806,,2026-04-11,,2346,6117,452,3.37,,,,SYSTEM,2026-03-31 23:59:00,
10001759264,"Built Brands, LLC",71,"600 E. Quality Dr, American Fork, UT US 84003 ",SIQ13902566,,,,,,,Content Review Required,3856,,2026-04-11,,1190,3103,229,1.71,,,,SYSTEM,2026-03-31 23:59:00,
10001759264,"Built Brands, LLC",71,"600 E. Quality Dr, American Fork, UT US 84003 ",SIQ13902565,,,,,,,Content Review Required,590,,2026-04-16,,2380,6205,458,3.42,,,,SYSTEM,2026-03-31 23:59:00,
10001759264,"Built Brands, LLC",71,"600 E. Quality Dr, American Fork, UT US 84003 ",SIQ13902564,,,,,,,Content Review Required,3865,,2026-04-16,,1054,2748,203,1.52,,,,SYSTEM,2026-03-31 23:59:00,
10001759264,"Built Brands, LLC",71,"600 E. Quality Dr, American Fork, UT US 84003 ",SIQ13902563,,,,,,,Content Review Required,3801,,2026-04-14,,2040,5319,393,2.93,,,,SYSTEM,2026-03-31 23:59:00,
10001759264,"Built Brands, LLC",71,"600 E. Quality Dr, American Fork, UT US 84003 ",SIQ13902562,,,,,,,Content Review Required,3857,,2026-04-21,,748,1951,144,1.08,,,,SYSTEM,2026-03-31 23:59:00,
10001759264,"Built Brands, LLC",71,"600 E. Quality Dr, American Fork, UT US 84003 ",SIQ13902561,,,,,,,Content Review Required,3804,,2026-04-18,,2754,7180,530,3.96,,,,SYSTEM,2026-03-31 23:59:00,
10001759264,"Built Brands, LLC",71,"600 E. Quality Dr, American Fork, UT US 84003 ",SIQ13902560,,,,,,,Content Review Required,3802,,2026-04-20,,2754,7180,530,3.96,,,,SYSTEM,2026-03-31 23:59:00,
10001759264,"Built Brands, LLC",71,"600 E. Quality Dr, American Fork, UT US 84003 ",SIQ13902559,,,,,,,Content Review Required,580,,2026-04-17,,1870,4876,360,2.69,,,,SYSTEM,2026-03-31 23:59:00,
10001759264,"Built Brands, LLC",71,"600 E. Quality Dr, American Fork, UT US 84003 ",SIQ13902558,,,,,,,Content Review Required,3803,,2026-04-15,,2652,6914,511,3.81,,,,SYSTEM,2026-03-31 23:59:00,
10001759264,"Built Brands, LLC",71,"600 E. Quality Dr, American Fork, UT US 84003 ",SIQ13902557,,,,,,,Content Review Required,594,,2026-04-19,,2720,7092,524,3.91,,,,SYSTEM,2026-03-31 23:59:00,
10001759264,"Built Brands, LLC",71,"600 E. Quality Dr, American Fork, UT US 84003 ",SIQ13902556,,,,,,,Content Review Required,588,,2026-04-11,,2652,6914,511,3.81,,,,SYSTEM,2026-03-31 23:59:00,
10001759264,"Built Brands, LLC",71,"600 E. Quality Dr, American Fork, UT US 84003 ",SIQ13902555,,,,,,,Content Review Required,559,,2026-04-17,,2312,6028,445,3.32,,,,SYSTEM,2026-03-31 23:59:00,
10001759264,"Built Brands, LLC",71,"600 E. Quality Dr, American Fork, UT US 84003 ",SIQ13902554,,,,,,,Content Review Required,593,,2026-04-11,,2448,6383,471,3.52,,,,SYSTEM,2026-03-31 23:59:00,
10001759264,"Built Brands, LLC",71,"600 E. Quality Dr, American Fork, UT US 84003 ",SIQ13902553,,,,,,,Content Review Required,589,,2026-04-19,,2278,5939,439,3.27,,,,SYSTEM,2026-03-31 23:59:00,
10001759264,"Built Brands, LLC",71,"600 E. Quality Dr, American Fork, UT US 84003 ",SIQ13902552,,,,,,,Content Review Required,587,,2026-04-17,,2550,6648,491,3.67,,,,SYSTEM,2026-03-31 23:59:00,
10001759264,"Built Brands, LLC",71,"600 E. Quality Dr, American Fork, UT US 84003 ",SIQ13902551,,,,,,,Content Review Required,579,,2026-04-20,,2584,6737,498,3.71,,,,SYSTEM,2026-03-31 23:59:00,
10001759264,"Built Brands, LLC",71,"600 E. Quality Dr, American Fork, UT US 84003 ",SIQ13902550,,,,,,,Content Review Required,556,,2026-04-18,,2550,6648,491,3.67,,,,SYSTEM,2026-03-31 23:59:00,
10001759264,"Built Brands, LLC",71,"600 E. Quality Dr, American Fork, UT US 84003 ",SIQ13902549,,,,,,,Content Review Required,560,,2026-04-20,,2516,6560,484,3.62,,,,SYSTEM,2026-03-31 23:59:00,
10001759264,"Built Brands, LLC",71,"600 E. Quality Dr, American Fork, UT US 84003 ",SIQ13902548,,,,,,,Content Review Required,555,,2026-04-11,,2992,7801,576,4.3,,,,SYSTEM,2026-03-31 23:59:00,
10001759264,"Built Brands, LLC",71,"600 E. Quality Dr, American Fork, UT US 84003 ",SIQ13902547,,,,,,,Content Review Required,553,,2026-04-11,,2040,5319,393,2.93,,,,SYSTEM,2026-03-31 23:59:00,
10001759264,"Built Brands, LLC",71,"600 E. Quality Dr, American Fork, UT US 84003 ",SIQ13902546,,,,,,,Content Review Required,578,,2026-04-16,,3026,7889,583,4.35,,,,SYSTEM,2026-03-31 23:59:00,
10001759264,"Built Brands, LLC",71,"600 E. Quality Dr, American Fork, UT US 84003 ",SIQ13902545,,,,,,,Content Review Required,558,,2026-04-12,,2346,6117,452,3.37,,,,SYSTEM,2026-03-31 23:59:00,
10001759264,"Built Brands, LLC",71,"600 E. Quality Dr, American Fork, UT US 84003 ",SIQ13902544,,,,,,,Content Review Required,557,,2026-04-16,,2652,6914,511,3.81,,,,SYSTEM,2026-03-31 23:59:00,
10001759264,"Built Brands, LLC",71,"600 E. Quality Dr, American Fork, UT US 84003 ",SIQ13902543,,,,,,,Content Review Required,554,,2026-04-14,,2176,5673,419,3.13,,,,SYSTEM,2026-03-31 23:59:00,
10001759264,"Built Brands, LLC",71,"600 E. Quality Dr, American Fork, UT US 84003 ",SIQ13902542,,,,,,,Content Review Required,551,,2026-04-22,,1394,3635,269,2.01,,,,SYSTEM,2026-03-31 23:59:00,
10001754960,"Built Brands, LLC",71,"600 E. Quality Dr, American Fork, UT US 84003 ",SIQ13868330,70193641,ARVY,,8465612,,,Picked Up,3806,2026-03-12,2026-03-15,2026-03-27,2413,7269,474,6.89,DRY FOOD,,,SYSTEM,2026-03-04 23:59:00,steve@built.com
10001754960,"Built Brands, LLC",71,"600 E. Quality Dr, American Fork, UT US 84003 ",SIQ13868329,70193638,ARVY,,8465605,,,Picked Up,3856,2026-03-10,2026-03-15,2026-03-12,83,249,17,0.24,DRY FOOD,,,SYSTEM,2026-03-04 23:59:00,steve@built.com
10001754960,"Built Brands, LLC",71,"600 E. Quality Dr, American Fork, UT US 84003 ",SIQ13868328,70193636,ARVY,,8465621,,,Picked Up,3811,2026-03-10,2026-03-21,2026-03-16,1747,5241,345,4.96,DRY FOOD,,,SYSTEM,2026-03-04 23:59:00,steve@built.com
10001754960,"Built Brands, LLC",71,"600 E. Quality Dr, American Fork, UT US 84003 ",SIQ13868327,70193643,ARVY,,8465607,,,Picked Up,3808,2026-03-13,2026-03-21,2026-03-20,1576,4758,312,4.51,DRY FOOD,,,SYSTEM,2026-03-04 23:59:00,steve@built.com
10001754960,"Built Brands, LLC",71,"600 E. Quality Dr, American Fork, UT US 84003 ",SIQ13868326,70193644,ARVY,,8465627,,,Picked Up,3804,2026-03-13,2026-03-21,2026-03-26,1918,5784,378,5.48,DRY FOOD,,,SYSTEM,2026-03-04 23:59:00,steve@built.com
10001754960,"Built Brands, LLC",71,"600 E. Quality Dr, American Fork, UT US 84003 ",SIQ13868325,70193637,ARVY,,8465630,,,Picked Up,3802,2026-03-10,2026-03-23,2026-03-17,1089,3327,219,3.16,DRY FOOD,,,SYSTEM,2026-03-04 23:59:00,steve@built.com
10001754960,"Built Brands, LLC",71,"600 E. Quality Dr, American Fork, UT US 84003 ",SIQ13868324,70193639,ARVY,,8465631,,,Picked Up,3857,2026-03-12,2026-03-24,2026-03-25,118,354,23,0.34,DRY FOOD,,,SYSTEM,2026-03-04 23:59:00,steve@built.com
10001754960,"Built Brands, LLC",71,"600 E. Quality Dr, American Fork, UT US 84003 ",SIQ13868323,70193639,ARVY,,8465631,,,Picked Up,3868,2026-03-12,2026-03-20,2026-03-26,114,342,23,0.32,DRY FOOD,,,SYSTEM,2026-03-04 23:59:00,steve@built.com
10001754960,"Built Brands, LLC",71,"600 E. Quality Dr, American Fork, UT US 84003 ",SIQ13868322,70193639,ARVY,,8465631,,,Picked Up,588,2026-03-12,2026-03-14,2026-03-27,1176,3543,232,3.36,DRY FOOD,,,SYSTEM,2026-03-04 23:59:00,steve@built.com
10001754960,"Built Brands, LLC",71,"600 E. Quality Dr, American Fork, UT US 84003 ",SIQ13868321,70193639,ARVY,,8465631,,,Picked Up,3865,2026-03-12,2026-03-20,2026-03-26,204,612,41,0.58,DRY FOOD,,,SYSTEM,2026-03-04 23:59:00,steve@built.com
10001754960,"Built Brands, LLC",71,"600 E. Quality Dr, American Fork, UT US 84003 ",SIQ13868320,70193639,ARVY,,8465631,,,Picked Up,593,2026-03-12,2026-03-14,2026-03-27,1387,4176,273,3.96,DRY FOOD,,,SYSTEM,2026-03-04 23:59:00,steve@built.com
10001754960,"Built Brands, LLC",71,"600 E. Quality Dr, American Fork, UT US 84003 ",SIQ13868319,70193638,ARVY,,8465605,,,Picked Up,578,2026-03-10,2026-03-19,2026-03-17,530,1605,105,1.52,DRY FOOD,,,SYSTEM,2026-03-04 23:59:00,steve@built.com
10001754960,"Built Brands, LLC",71,"600 E. Quality Dr, American Fork, UT US 84003 ",SIQ13868318,70193638,ARVY,,8465605,,,Picked Up,558,2026-03-10,2026-03-15,2026-03-12,1005,3015,197,2.86,DRY FOOD,,,SYSTEM,2026-03-04 23:59:00,steve@built.com
10001754960,"Built Brands, LLC",71,"600 E. Quality Dr, American Fork, UT US 84003 ",SIQ13868317,70193642,ARVY,,8465626,,,Picked Up,580,2026-03-13,2026-03-20,2026-03-26,708,2154,142,2.05,DRY FOOD,,,SYSTEM,2026-03-04 23:59:00,steve@built.com
10001754960,"Built Brands, LLC",71,"600 E. Quality Dr, American Fork, UT US 84003 ",SIQ13868316,70193636,ARVY,,8465621,,,Picked Up,579,2026-03-10,2026-03-23,2026-03-17,1201,3648,240,3.46,DRY FOOD,,,SYSTEM,2026-03-04 23:59:00,steve@built.com
10001754960,"Built Brands, LLC",71,"600 E. Quality Dr, American Fork, UT US 84003 ",SIQ13868315,70193640,ARVY,,8465661,,,Picked Up,590,2026-03-12,2026-03-19,2026-03-26,1846,5538,364,5.24,DRY FOOD,,,SYSTEM,2026-03-04 23:59:00,steve@built.com
10001754960,"Built Brands, LLC",71,"600 E. Quality Dr, American Fork, UT US 84003 ",SIQ13868314,70247134,ARVY,,8473933,,,Picked Up,560,2026-03-11,2026-03-23,2026-03-18,1942,5841,382,5.53,DRY FOOD,,,SYSTEM,2026-03-04 23:59:00,steve@built.com
10001754960,"Built Brands, LLC",71,"600 E. Quality Dr, American Fork, UT US 84003 ",SIQ13868313,70193640,ARVY,,8465661,,,Picked Up,557,2026-03-12,2026-03-19,2026-03-25,1088,3279,217,3.11,DRY FOOD,,,SYSTEM,2026-03-04 23:59:00,steve@built.com
10001754960,"Built Brands, LLC",71,"600 E. Quality Dr, American Fork, UT US 84003 ",SIQ13868312,70193636,ARVY,,8465621,,,Picked Up,556,2026-03-10,2026-03-21,2026-03-13,1434,4332,283,4.11,DRY FOOD,,,SYSTEM,2026-03-04 23:59:00,steve@built.com
10001754960,"Built Brands, LLC",71,"600 E. Quality Dr, American Fork, UT US 84003 ",SIQ13868311,70193637,ARVY,,8465630,,,Picked Up,594,2026-03-10,2026-03-22,2026-03-12,2318,6999,458,6.37,DRY FOOD,,,SYSTEM,2026-03-04 23:59:00,steve@built.com
10001754960,"Built Brands, LLC",71,"600 E. Quality Dr, American Fork, UT US 84003 ",SIQ13868310,70193643,ARVY,,8465607,,,Picked Up,559,2026-03-13,2026-03-20,2026-03-26,1824,5517,360,5.23,DRY FOOD,,,SYSTEM,2026-03-04 23:59:00,steve@built.com
10001754960,"Built Brands, LLC",71,"600 E. Quality Dr, American Fork, UT US 84003 ",SIQ13868309,70193641,ARVY,,8465612,,,Picked Up,553,2026-03-12,2026-03-14,2026-03-26,689,2067,132,1.96,DRY FOOD,,,SYSTEM,2026-03-04 23:59:00,steve@built.com
10001754960,"Built Brands, LLC",71,"600 E. Quality Dr, American Fork, UT US 84003 ",SIQ13868308,70193638,ARVY,,8465605,,,Picked Up,555,2026-03-10,2026-03-14,2026-03-12,1495,4500,297,4.26,DRY FOOD,,,SYSTEM,2026-03-04 23:59:00,steve@built.com
10001754960,"Built Brands, LLC",71,"600 E. Quality Dr, American Fork, UT US 84003 ",SIQ13868307,70193641,ARVY,,8465612,,,Picked Up,554,2026-03-12,2026-03-17,2026-03-27,698,2094,138,1.98,DRY FOOD,,,SYSTEM,2026-03-04 23:59:00,steve@built.com
10001754960,"Built Brands, LLC",71,"600 E. Quality Dr, American Fork, UT US 84003 ",SIQ13868306,70246052,ARVY,,8473936,,,Picked Up,551,2026-03-12,2026-03-25,2026-03-23,1874,5622,367,5.32,DRY FOOD,,,SYSTEM,2026-03-04 23:59:00,steve@built.com
10001754960,"Built Brands, LLC",71,"600 E. Quality Dr, American Fork, UT US 84003 ",SIQ13868305,70193642,ARVY,,8465626,,,Picked Up,3803,2026-03-13,2026-03-19,2026-03-26,2510,7560,495,7.17,DRY FOOD,,,SYSTEM,2026-03-04 23:59:00,steve@built.com
10001754960,"Built Brands, LLC",71,"600 E. Quality Dr, American Fork, UT US 84003 ",SIQ13868304,70247134,ARVY,,8473933,,,Picked Up,589,2026-03-11,2026-03-24,2026-03-19,2410,7275,475,6.9,DRY FOOD,,,SYSTEM,2026-03-04 23:59:00,steve@built.com
10001754960,"Built Brands, LLC",71,"600 E. Quality Dr, American Fork, UT US 84003 ",SIQ13868303,70193642,ARVY,,8465626,,,Picked Up,587,2026-03-13,2026-03-20,2026-03-26,1398,4224,279,4.01,DRY FOOD,,,SYSTEM,2026-03-04 23:59:00,steve@built.com
10001754960,"Built Brands, LLC",71,"600 E. Quality Dr, American Fork, UT US 84003 ",SIQ13868302,70193641,ARVY,,8465612,,,Picked Up,3801,2026-03-12,2026-03-17,2026-03-26,1017,3066,201,2.91,DRY FOOD,,,SYSTEM,2026-03-04 23:59:00,steve@built.com
10001737610,"Built Brands, LLC",71,"600 E. Quality Dr, American Fork, UT US 84003 ",SIQ13692588,69858082,ARVY,,8412494,,,Picked Up,3868,2026-02-27,2026-03-06,2026-03-03,138,414,27,0.39,DRY FOOD,,,SYSTEM,2026-02-18 23:59:00,Jack.Fair@target.com
10001737610,"Built Brands, LLC",71,"600 E. Quality Dr, American Fork, UT US 84003 ",SIQ13692587,69858081,ARVY,,8412492,,,Picked Up,3865,2026-02-27,2026-03-05,2026-03-03,447,1341,88,1.27,DRY FOOD,,,SYSTEM,2026-02-18 23:59:00,Jack.Fair@target.com
10001737610,"Built Brands, LLC",71,"600 E. Quality Dr, American Fork, UT US 84003 ",SIQ13692586,69858084,ARVY,,8412503,,,Picked Up,3811,2026-02-27,2026-03-07,2026-03-02,1652,5001,327,4.74,DRY FOOD,,,SYSTEM,2026-02-18 23:59:00,Jack.Fair@target.com
10001737610,"Built Brands, LLC",71,"600 E. Quality Dr, American Fork, UT US 84003 ",SIQ13692585,69858082,ARVY,,8412494,,,Picked Up,3808,2026-02-27,2026-03-07,2026-02-26,1213,3669,240,3.48,DRY FOOD,,,SYSTEM,2026-02-18 23:59:00,Jack.Fair@target.com
10001737610,"Built Brands, LLC",71,"600 E. Quality Dr, American Fork, UT US 84003 ",SIQ13692584,69858082,ARVY,,8412494,,,Picked Up,3857,2026-02-27,2026-03-10,2026-03-05,301,918,61,0.87,DRY FOOD,,,SYSTEM,2026-02-18 23:59:00,Jack.Fair@target.com
10001737610,"Built Brands, LLC",71,"600 E. Quality Dr, American Fork, UT US 84003 ",SIQ13692583,69858083,ARVY,,8412504,,,Picked Up,3856,2026-02-27,2026-02-28,2026-02-26,353,1074,71,1.02,DRY FOOD,,,SYSTEM,2026-02-18 23:59:00,Jack.Fair@target.com
10001737610,"Built Brands, LLC",71,"600 E. Quality Dr, American Fork, UT US 84003 ",SIQ13692582,69858080,ARVY,,8412501,,,Picked Up,3802,2026-02-27,2026-03-09,2026-03-03,1776,5388,355,5.11,DRY FOOD,,,SYSTEM,2026-02-18 23:59:00,Jack.Fair@target.com
10001737610,"Built Brands, LLC",71,"600 E. Quality Dr, American Fork, UT US 84003 ",SIQ13692581,69858086,RBRL,,1723417228,,,Picked Up,3806,2026-02-27,2026-02-28,2026-02-26,1009,3042,200,2.88,DRY FOOD,,,SYSTEM,2026-02-18 23:59:00,Jack.Fair@target.com
10001737610,"Built Brands, LLC",71,"600 E. Quality Dr, American Fork, UT US 84003 ",SIQ13692580,69858084,ARVY,,8412503,,,Picked Up,3804,2026-02-27,2026-03-07,2026-03-03,1608,4839,316,4.59,DRY FOOD,,,SYSTEM,2026-02-18 23:59:00,Jack.Fair@target.com
10001737610,"Built Brands, LLC",71,"600 E. Quality Dr, American Fork, UT US 84003 ",SIQ13692579,69858083,ARVY,,8412504,,,Picked Up,3803,2026-02-27,2026-03-04,2026-02-26,1566,4728,310,4.48,DRY FOOD,,,SYSTEM,2026-02-18 23:59:00,Jack.Fair@target.com
10001737610,"Built Brands, LLC",71,"600 E. Quality Dr, American Fork, UT US 84003 ",SIQ13692578,69858077,RBRL,,1723417328,,,Picked Up,593,2026-02-27,2026-02-28,2026-02-26,1019,3072,201,2.91,DRY FOOD,,,SYSTEM,2026-02-18 23:59:00,Jack.Fair@target.com
10001737610,"Built Brands, LLC",71,"600 E. Quality Dr, American Fork, UT US 84003 ",SIQ13692577,69858083,ARVY,,8412504,,,Picked Up,3801,2026-02-27,2026-03-03,2026-02-27,799,2412,156,2.29,DRY FOOD,,,SYSTEM,2026-02-18 23:59:00,Jack.Fair@target.com
10001737610,"Built Brands, LLC",71,"600 E. Quality Dr, American Fork, UT US 84003 ",SIQ13692576,69858078,ARVY,,8412496,,,Picked Up,594,2026-02-27,2026-03-08,2026-02-26,1800,5445,355,5.17,DRY FOOD,,,SYSTEM,2026-02-18 23:59:00,Jack.Fair@target.com
10001737610,"Built Brands, LLC",71,"600 E. Quality Dr, American Fork, UT US 84003 ",SIQ13692575,69858078,ARVY,,8412496,,,Picked Up,590,2026-02-27,2026-03-05,2026-03-03,1217,3666,241,3.47,DRY FOOD,,,SYSTEM,2026-02-18 23:59:00,Jack.Fair@target.com
10001737610,"Built Brands, LLC",71,"600 E. Quality Dr, American Fork, UT US 84003 ",SIQ13692574,69858081,ARVY,,8412492,,,Picked Up,589,2026-02-27,2026-03-08,2026-03-03,1596,4818,316,4.57,DRY FOOD,,,SYSTEM,2026-02-18 23:59:00,Jack.Fair@target.com
10001737610,"Built Brands, LLC",71,"600 E. Quality Dr, American Fork, UT US 84003 ",SIQ13692573,69858083,ARVY,,8412504,,,Picked Up,578,2026-02-27,2026-03-05,2026-03-03,1546,4653,305,4.41,DRY FOOD,,,SYSTEM,2026-02-18 23:59:00,Jack.Fair@target.com
10001737610,"Built Brands, LLC",71,"600 E. Quality Dr, American Fork, UT US 84003 ",SIQ13692572,69858079,RBRL,KBXL,1723417030,,,Picked Up,558,2026-02-27,2026-03-01,2026-02-26,1503,4539,298,4.3,DRY FOOD,,,SYSTEM,2026-02-18 23:59:00,Jack.Fair@target.com
10001737610,"Built Brands, LLC",71,"600 E. Quality Dr, American Fork, UT US 84003 ",SIQ13692571,69858084,ARVY,,8412503,,,Picked Up,587,2026-02-27,2026-03-06,2026-03-02,1460,4395,288,4.16,DRY FOOD,,,SYSTEM,2026-02-18 23:59:00,Jack.Fair@target.com
10001737610,"Built Brands, LLC",71,"600 E. Quality Dr, American Fork, UT US 84003 ",SIQ13692570,69858075,CPGJ,,456531,,,Picked Up,588,2026-02-27,2026-02-28,2026-02-26,1252,3756,247,3.56,REF 40-60,,,SYSTEM,2026-02-18 23:59:00,steve@built.com
10001737610,"Built Brands, LLC",71,"600 E. Quality Dr, American Fork, UT US 84003 ",SIQ13692569,69858073,ARVY,,8412493,,,Picked Up,580,2026-02-27,2026-03-06,2026-03-03,1346,4068,266,3.86,DRY FOOD,,,SYSTEM,2026-02-18 23:59:00,Jack.Fair@target.com
10001737610,"Built Brands, LLC",71,"600 E. Quality Dr, American Fork, UT US 84003 ",SIQ13692568,69858080,ARVY,,8412501,,,Picked Up,579,2026-02-27,2026-03-09,2026-03-03,2052,6186,407,5.86,DRY FOOD,,,SYSTEM,2026-02-18 23:59:00,Jack.Fair@target.com
10001737610,"Built Brands, LLC",71,"600 E. Quality Dr, American Fork, UT US 84003 ",SIQ13692567,69858074,ARVY,,8412502,,,Picked Up,559,2026-02-27,2026-03-06,2026-03-02,1568,4734,310,4.49,DRY FOOD,,,SYSTEM,2026-02-18 23:59:00,Jack.Fair@target.com
10001737610,"Built Brands, LLC",71,"600 E. Quality Dr, American Fork, UT US 84003 ",SIQ13692566,69858084,ARVY,,8412503,,,Picked Up,556,2026-02-27,2026-03-07,2026-02-27,1403,4224,276,4.01,DRY FOOD,,,SYSTEM,2026-02-18 23:59:00,Jack.Fair@target.com
10001737610,"Built Brands, LLC",71,"600 E. Quality Dr, American Fork, UT US 84003 ",SIQ13692565,69570481,ARVY,,8410253,,,Past Pickup,554,2026-02-24,2026-03-03,2026-03-03,1321,3978,261,3.77,REF 40-60,,,SYSTEM,2026-02-18 23:59:00,steve@built.com
10001737610,"Built Brands, LLC",71,"600 E. Quality Dr, American Fork, UT US 84003 ",SIQ13692564,69858072,RBRL,,1723417597,,,Picked Up,553,2026-02-27,2026-02-28,2026-02-26,982,2976,196,2.82,DRY FOOD,,,SYSTEM,2026-02-18 23:59:00,Jack.Fair@target.com
10001737610,"Built Brands, LLC",71,"600 E. Quality Dr, American Fork, UT US 84003 ",SIQ13692563,69858081,ARVY,,8412492,,,Picked Up,560,2026-02-27,2026-03-09,2026-03-04,1732,5226,342,4.95,DRY FOOD,,,SYSTEM,2026-02-18 23:59:00,Jack.Fair@target.com
10001737610,"Built Brands, LLC",71,"600 E. Quality Dr, American Fork, UT US 84003 ",SIQ13692562,69858073,ARVY,,8412493,,,Picked Up,557,2026-02-27,2026-03-05,2026-02-27,1344,4047,265,3.84,DRY FOOD,,,SYSTEM,2026-02-18 23:59:00,Jack.Fair@target.com
10001737610,"Built Brands, LLC",71,"600 E. Quality Dr, American Fork, UT US 84003 ",SIQ13692561,69858076,ARVY,,8412491,,,Picked Up,555,2026-02-27,2026-02-28,2026-02-26,1714,5172,338,4.91,DRY FOOD,,,SYSTEM,2026-02-18 23:59:00,Jack.Fair@target.com
10001737610,"Built Brands, LLC",71,"600 E. Quality Dr, American Fork, UT US 84003 ",SIQ13692560,69858073,ARVY,,8412493,,,Picked Up,551,2026-02-27,2026-03-11,2026-03-09,1227,3681,242,3.49,DRY FOOD,,,SYSTEM,2026-02-18 23:59:00,Jack.Fair@target.com
10001734729,"Built Brands, LLC",71,"600 E. Quality Dr, American Fork, UT US 84003 ",SIQ13664237,,,,,,,Cancelled,578,,2026-03-05,,1,13,2,0.01,,,,SYSTEM,2026-02-18 23:59:00,SHIPIQAPI
10001734729,"Built Brands, LLC",71,"600 E. Quality Dr, American Fork, UT US 84003 ",SIQ13664236,,,,,,,Cancelled,553,,2026-02-28,,2,26,3,0.02,,,,SYSTEM,2026-02-18 23:59:00,SHIPIQAPI
10001734729,"Built Brands, LLC",71,"600 E. Quality Dr, American Fork, UT US 84003 ",SIQ13664235,,,,,,,Cancelled,555,,2026-02-28,,2,26,3,0.02,,,,SYSTEM,2026-02-18 23:59:00,SHIPIQAPI
10001734729,"Built Brands, LLC",71,"600 E. Quality Dr, American Fork, UT US 84003 ",SIQ13664234,,,,,,,Cancelled,556,,2026-03-07,,225,592,45,0.34,,,,SYSTEM,2026-02-18 23:59:00,SHIPIQAPI
10001734729,"Built Brands, LLC",71,"600 E. Quality Dr, American Fork, UT US 84003 ",SIQ13664233,,,,,,,Cancelled,554,,2026-03-03,,39,105,9,0.07,,,,SYSTEM,2026-02-18 23:59:00,SHIPIQAPI
10001734729,"Built Brands, LLC",71,"600 E. Quality Dr, American Fork, UT US 84003 ",SIQ13664232,,,,,,,Cancelled,580,,2026-03-06,,96,265,21,0.16,,,,SYSTEM,2026-02-18 23:59:00,SHIPIQAPI
10001734729,"Built Brands, LLC",71,"600 E. Quality Dr, American Fork, UT US 84003 ",SIQ13664231,,,,,,,Cancelled,3801,,2026-03-03,,18,54,5,0.04,,,,SYSTEM,2026-02-18 23:59:00,SHIPIQAPI
10001734729,"Built Brands, LLC",71,"600 E. Quality Dr, American Fork, UT US 84003 ",SIQ13664230,,,,,,,Cancelled,3857,,2026-03-10,,7,17,2,0.02,,,,SYSTEM,2026-02-18 23:59:00,SHIPIQAPI
10001734729,"Built Brands, LLC",71,"600 E. Quality Dr, American Fork, UT US 84003 ",SIQ13664229,,,,,,,Cancelled,588,,2026-02-28,,7,20,2,0.01,,,,SYSTEM,2026-02-18 23:59:00,SHIPIQAPI
10001734729,"Built Brands, LLC",71,"600 E. Quality Dr, American Fork, UT US 84003 ",SIQ13664228,,,,,,,Cancelled,3865,,2026-03-06,,19,52,4,0.03,,,,SYSTEM,2026-02-18 23:59:00,SHIPIQAPI
10001734729,"Built Brands, LLC",71,"600 E. Quality Dr, American Fork, UT US 84003 ",SIQ13664227,,,,,,,Cancelled,579,,2026-03-09,,441,1179,90,0.67,,,,SYSTEM,2026-02-18 23:59:00,SHIPIQAPI
10001734729,"Built Brands, LLC",71,"600 E. Quality Dr, American Fork, UT US 84003 ",SIQ13664226,,,,,,,Cancelled,558,,2026-03-01,,323,901,63,0.47,,,,SYSTEM,2026-02-18 23:59:00,SHIPIQAPI
10001734729,"Built Brands, LLC",71,"600 E. Quality Dr, American Fork, UT US 84003 ",SIQ13664225,,,,,,,Cancelled,3811,,2026-03-07,,299,833,62,0.46,,,,SYSTEM,2026-02-18 23:59:00,SHIPIQAPI
10001734729,"Built Brands, LLC",71,"600 E. Quality Dr, American Fork, UT US 84003 ",SIQ13664224,,,,,,,Cancelled,557,,2026-03-05,,113,315,23,0.17,,,,SYSTEM,2026-02-18 23:59:00,SHIPIQAPI
10001734729,"Built Brands, LLC",71,"600 E. Quality Dr, American Fork, UT US 84003 ",SIQ13664223,,,,,,,Cancelled,3808,,2026-03-07,,293,791,60,0.45,,,,SYSTEM,2026-02-18 23:59:00,SHIPIQAPI
10001734729,"Built Brands, LLC",71,"600 E. Quality Dr, American Fork, UT US 84003 ",SIQ13664222,,,,,,,Cancelled,3806,,2026-03-01,,356,984,73,0.54,,,,SYSTEM,2026-02-18 23:59:00,SHIPIQAPI
10001734729,"Built Brands, LLC",71,"600 E. Quality Dr, American Fork, UT US 84003 ",SIQ13664221,,,,,,,Cancelled,3802,,2026-03-09,,80,289,21,0.16,,,,SYSTEM,2026-02-18 23:59:00,SHIPIQAPI
10001734729,"Built Brands, LLC",71,"600 E. Quality Dr, American Fork, UT US 84003 ",SIQ13664220,,,,,,,Cancelled,3804,,2026-03-07,,329,922,66,0.49,,,,SYSTEM,2026-02-18 23:59:00,SHIPIQAPI
10001734729,"Built Brands, LLC",71,"600 E. Quality Dr, American Fork, UT US 84003 ",SIQ13664219,,,,,,,Cancelled,3803,,2026-03-05,,1061,2974,212,1.58,,,,SYSTEM,2026-02-18 23:59:00,SHIPIQAPI
10001734729,"Built Brands, LLC",71,"600 E. Quality Dr, American Fork, UT US 84003 ",SIQ13664218,,,,,,,Cancelled,589,,2026-03-10,,1104,3065,221,1.65,,,,SYSTEM,2026-02-18 23:59:00,SHIPIQAPI
10001734729,"Built Brands, LLC",71,"600 E. Quality Dr, American Fork, UT US 84003 ",SIQ13664217,,,,,,,Cancelled,587,,2026-03-06,,338,946,69,0.51,,,,SYSTEM,2026-02-18 23:59:00,SHIPIQAPI
10001734729,"Built Brands, LLC",71,"600 E. Quality Dr, American Fork, UT US 84003 ",SIQ13664216,,,,,,,Cancelled,551,,2026-03-11,,343,927,69,0.51,,,,SYSTEM,2026-02-18 23:59:00,SHIPIQAPI
10001734729,"Built Brands, LLC",71,"600 E. Quality Dr, American Fork, UT US 84003 ",SIQ13664215,,,,,,,Cancelled,590,,2026-03-05,,238,653,47,0.35,,,,SYSTEM,2026-02-18 23:59:00,SHIPIQAPI
10001734729,"Built Brands, LLC",71,"600 E. Quality Dr, American Fork, UT US 84003 ",SIQ13664214,,,,,,,Cancelled,594,,2026-03-08,,856,2351,171,1.28,,,,SYSTEM,2026-02-18 23:59:00,SHIPIQAPI
10001734729,"Built Brands, LLC",71,"600 E. Quality Dr, American Fork, UT US 84003 ",SIQ13664213,,,,,,,Cancelled,560,,2026-03-09,,590,1630,119,0.89,,,,SYSTEM,2026-02-18 23:59:00,SHIPIQAPI
10001734729,"Built Brands, LLC",71,"600 E. Quality Dr, American Fork, UT US 84003 ",SIQ13664212,,,,,,,Cancelled,559,,2026-03-06,,576,1620,116,0.87,,,,SYSTEM,2026-02-18 23:59:00,SHIPIQAPI
10001694552,"Built Brands, LLC",71,"600 E. Quality Dr, American Fork, UT US 84003 ",SIQ13613551,69156403,CPGJ,,455575,,,Picked Up,3801,2026-02-19,2026-02-03,2026-02-19,1415,4245,278,4,REF 40-60,,,steve@built.com,2026-01-21 23:59:00,
10001717670,"Built Brands, LLC",71,"600 E. Quality Dr, American Fork, UT US 84003 ",SIQ13505640,68989327,CPGJ,,455082,,,Picked Up,3868,2026-02-12,2026-02-20,2026-02-17,330,1005,66,0.95,REF 40-60,,,SYSTEM,2026-02-04 23:59:00,steve@built.com
10001717670,"Built Brands, LLC",71,"600 E. Quality Dr, American Fork, UT US 84003 ",SIQ13505639,68989326,CPGJ,,455081,,,Picked Up,3857,2026-02-13,2026-02-24,2026-02-19,593,1794,118,1.7,REF 40-60,,,SYSTEM,2026-02-04 23:59:00,steve@built.com
10001717670,"Built Brands, LLC",71,"600 E. Quality Dr, American Fork, UT US 84003 ",SIQ13505638,68989325,CPGJ,,455080,,,Picked Up,3865,2026-02-13,2026-02-19,2026-02-17,258,789,52,0.75,REF 40-60,,,SYSTEM,2026-02-04 23:59:00,steve@built.com
10001717670,"Built Brands, LLC",71,"600 E. Quality Dr, American Fork, UT US 84003 ",SIQ13505637,68989324,CPGJ,,455079,,,Picked Up,3811,2026-02-13,2026-02-21,2026-02-16,781,2493,164,2.39,REF 40-60,,,SYSTEM,2026-02-04 23:59:00,steve@built.com
10001717670,"Built Brands, LLC",71,"600 E. Quality Dr, American Fork, UT US 84003 ",SIQ13505636,68945617,CPGJ,,455053,,,Picked Up,3856,2026-02-13,2026-02-14,2026-02-12,427,1326,87,1.26,REF 40-60,,,SYSTEM,2026-02-04 23:59:00,steve@built.com
10001717670,"Built Brands, LLC",71,"600 E. Quality Dr, American Fork, UT US 84003 ",SIQ13505635,68989323,CPGJ,,455078,,,Picked Up,3801,2026-02-12,2026-02-17,2026-02-13,696,2133,141,2.03,REF 40-60,,,SYSTEM,2026-02-04 23:59:00,steve@built.com
10001717670,"Built Brands, LLC",71,"600 E. Quality Dr, American Fork, UT US 84003 ",SIQ13505634,68989322,CPGJ,,455077,,,Picked Up,3802,2026-02-13,2026-02-23,2026-02-17,745,2415,161,2.32,REF 40-60,,,SYSTEM,2026-02-04 23:59:00,steve@built.com
10001717670,"Built Brands, LLC",71,"600 E. Quality Dr, American Fork, UT US 84003 ",SIQ13505633,68989321,CPGJ,,455076,,,Picked Up,594,2026-02-13,2026-02-22,2026-02-12,1228,3744,248,3.56,REF 40-60,,,SYSTEM,2026-02-04 23:59:00,steve@built.com
10001717670,"Built Brands, LLC",71,"600 E. Quality Dr, American Fork, UT US 84003 ",SIQ13505632,68989320,CPGJ,,455075,,,Picked Up,3808,2026-02-12,2026-02-21,2026-02-12,774,2367,157,2.25,REF 40-60,,,SYSTEM,2026-02-04 23:59:00,steve@built.com
10001717670,"Built Brands, LLC",71,"600 E. Quality Dr, American Fork, UT US 84003 ",SIQ13505631,68945612,CPGJ,,455052,,,Picked Up,3806,2026-02-13,2026-02-14,2026-02-12,429,1362,89,1.3,REF 40-60,,,SYSTEM,2026-02-04 23:59:00,steve@built.com
10001717670,"Built Brands, LLC",71,"600 E. Quality Dr, American Fork, UT US 84003 ",SIQ13505630,68989319,CPGJ,,455074,,,Picked Up,3804,2026-02-13,2026-02-21,2026-02-17,770,2400,158,2.29,REF 40-60,,,SYSTEM,2026-02-04 23:59:00,steve@built.com
10001717670,"Built Brands, LLC",71,"600 E. Quality Dr, American Fork, UT US 84003 ",SIQ13505629,68989318,CPGJ,,455073,,,Picked Up,3803,2026-02-13,2026-02-18,2026-02-12,487,1536,100,1.47,REF 40-60,,,SYSTEM,2026-02-04 23:59:00,steve@built.com
10001717670,"Built Brands, LLC",71,"600 E. Quality Dr, American Fork, UT US 84003 ",SIQ13505628,68945609,CPGJ,,455051,,,Picked Up,593,2026-02-13,2026-02-14,2026-02-12,756,2298,152,2.18,REF 40-60,,,SYSTEM,2026-02-04 23:59:00,steve@built.com
10001717670,"Built Brands, LLC",71,"600 E. Quality Dr, American Fork, UT US 84003 ",SIQ13505627,68989317,CPGJ,,455072,,,Picked Up,589,2026-02-12,2026-02-22,2026-02-17,431,1398,92,1.34,REF 40-60,,,SYSTEM,2026-02-04 23:59:00,steve@built.com
10001717670,"Built Brands, LLC",71,"600 E. Quality Dr, American Fork, UT US 84003 ",SIQ13505626,68989316,CPGJ,,455071,,,Picked Up,560,2026-02-12,2026-02-23,2026-02-18,835,2550,169,2.42,REF 40-60,,,SYSTEM,2026-02-04 23:59:00,steve@built.com
10001717670,"Built Brands, LLC",71,"600 E. Quality Dr, American Fork, UT US 84003 ",SIQ13505625,68945606,CPGJ,,455050,,,Picked Up,588,2026-02-12,2026-02-14,2026-02-12,985,2985,197,2.83,REF 40-60,,,SYSTEM,2026-02-04 23:59:00,steve@built.com
10001717670,"Built Brands, LLC",71,"600 E. Quality Dr, American Fork, UT US 84003 ",SIQ13505624,68989315,CPGJ,,455063,,,Picked Up,559,2026-02-13,2026-02-20,2026-02-16,541,1638,107,1.55,REF 40-60,,,SYSTEM,2026-02-04 23:59:00,steve@built.com
10001717670,"Built Brands, LLC",71,"600 E. Quality Dr, American Fork, UT US 84003 ",SIQ13505623,68989314,CPGJ,,455062,,,Picked Up,578,2026-02-12,2026-02-19,2026-02-17,571,1833,119,1.76,REF 40-60,,,SYSTEM,2026-02-04 23:59:00,steve@built.com
10001717670,"Built Brands, LLC",71,"600 E. Quality Dr, American Fork, UT US 84003 ",SIQ13505622,68989313,CPGJ,,455061,,,Picked Up,590,2026-02-13,2026-02-19,2026-02-17,428,1344,88,1.28,REF 40-60,,,SYSTEM,2026-02-04 23:59:00,steve@built.com
10001717670,"Built Brands, LLC",71,"600 E. Quality Dr, American Fork, UT US 84003 ",SIQ13505621,68945602,CPGJ,,455049,,,Picked Up,579,2026-02-13,2026-02-23,2026-02-17,1715,5220,344,4.96,REF 40-60,,,SYSTEM,2026-02-04 23:59:00,steve@built.com
10001717670,"Built Brands, LLC",71,"600 E. Quality Dr, American Fork, UT US 84003 ",SIQ13505620,68989312,CPGJ,,455060,,,Picked Up,580,2026-02-13,2026-02-20,2026-02-17,546,1785,110,1.7,REF 40-60,,,SYSTEM,2026-02-04 23:59:00,steve@built.com
10001717670,"Built Brands, LLC",71,"600 E. Quality Dr, American Fork, UT US 84003 ",SIQ13505619,68989311,CPGJ,,455059,,,Picked Up,556,2026-02-12,2026-02-21,2026-02-13,921,2808,186,2.67,REF 40-60,,,SYSTEM,2026-02-04 23:59:00,steve@built.com
10001717670,"Built Brands, LLC",71,"600 E. Quality Dr, American Fork, UT US 84003 ",SIQ13505618,68989310,CPGJ,,455058,,,Picked Up,587,2026-02-13,2026-02-20,2026-02-16,513,1554,102,1.47,REF 40-60,,,SYSTEM,2026-02-04 23:59:00,steve@built.com
10001717670,"Built Brands, LLC",71,"600 E. Quality Dr, American Fork, UT US 84003 ",SIQ13505617,68945598,CPGJ,,455048,,,Picked Up,553,2026-02-13,2026-02-14,2026-02-12,539,1692,113,1.62,REF 40-60,,,SYSTEM,2026-02-04 23:59:00,steve@built.com
10001717670,"Built Brands, LLC",71,"600 E. Quality Dr, American Fork, UT US 84003 ",SIQ13505616,68945597,CPGJ,,455047,,,Picked Up,555,2026-02-11,2026-02-14,2026-02-12,413,1329,87,1.28,REF 40-60,,,SYSTEM,2026-02-04 23:59:00,steve@built.com
10001717670,"Built Brands, LLC",71,"600 E. Quality Dr, American Fork, UT US 84003 ",SIQ13505615,68945596,CPGJ,,455046,,,Picked Up,558,2026-02-11,2026-02-15,2026-02-12,1141,3438,227,3.26,REF 40-60,,,SYSTEM,2026-02-04 23:59:00,steve@built.com
10001717670,"Built Brands, LLC",71,"600 E. Quality Dr, American Fork, UT US 84003 ",SIQ13505614,68989309,CPGJ,,455057,,,Picked Up,557,2026-02-13,2026-02-19,2026-02-13,508,1524,100,1.44,REF 40-60,,,SYSTEM,2026-02-04 23:59:00,steve@built.com
10001717670,"Built Brands, LLC",71,"600 E. Quality Dr, American Fork, UT US 84003 ",SIQ13505613,68945594,CPGJ,,455045,,,Picked Up,554,2026-02-13,2026-02-17,2026-02-17,968,2964,195,2.82,REF 40-60,,,SYSTEM,2026-02-04 23:59:00,steve@built.com
10001717670,"Built Brands, LLC",71,"600 E. Quality Dr, American Fork, UT US 84003 ",SIQ13505612,68945593,CPGJ,,455044,,,Picked Up,551,2026-02-13,2026-02-25,2026-02-23,955,2895,192,2.75,REF 40-60,,,SYSTEM,2026-02-04 23:59:00,steve@built.com
10001714906,"Built Brands, LLC",71,"600 E. Quality Dr, American Fork, UT US 84003 ",SIQ13482953,,,,,,,Cancelled,3856,,2026-02-15,,7,92,8,0.06,,,,SYSTEM,2026-02-04 23:59:00,SHIPIQAPI
10001714906,"Built Brands, LLC",71,"600 E. Quality Dr, American Fork, UT US 84003 ",SIQ13482952,,,,,,,Cancelled,3806,,2026-02-15,,5,64,6,0.04,,,,SYSTEM,2026-02-04 23:59:00,SHIPIQAPI
10001714906,"Built Brands, LLC",71,"600 E. Quality Dr, American Fork, UT US 84003 ",SIQ13482951,,,,,,,Cancelled,590,,2026-02-19,,4,51,5,0.04,,,,SYSTEM,2026-02-04 23:59:00,SHIPIQAPI
10001714906,"Built Brands, LLC",71,"600 E. Quality Dr, American Fork, UT US 84003 ",SIQ13482950,,,,,,,Cancelled,3865,,2026-02-20,,5,66,6,0.04,,,,SYSTEM,2026-02-04 23:59:00,SHIPIQAPI
10001714906,"Built Brands, LLC",71,"600 E. Quality Dr, American Fork, UT US 84003 ",SIQ13482949,,,,,,,Cancelled,589,,2026-02-24,,9,117,10,0.07,,,,SYSTEM,2026-02-04 23:59:00,SHIPIQAPI
10001714906,"Built Brands, LLC",71,"600 E. Quality Dr, American Fork, UT US 84003 ",SIQ13482948,,,,,,,Cancelled,555,,2026-02-14,,6,77,7,0.05,,,,SYSTEM,2026-02-04 23:59:00,SHIPIQAPI
10001714906,"Built Brands, LLC",71,"600 E. Quality Dr, American Fork, UT US 84003 ",SIQ13482947,,,,,,,Cancelled,3868,,2026-02-20,,9,67,6,0.04,,,,SYSTEM,2026-02-04 23:59:00,SHIPIQAPI
10001714906,"Built Brands, LLC",71,"600 E. Quality Dr, American Fork, UT US 84003 ",SIQ13482946,,,,,,,Cancelled,3808,,2026-02-21,,225,639,48,0.36,,,,SYSTEM,2026-02-04 23:59:00,SHIPIQAPI
10001714906,"Built Brands, LLC",71,"600 E. Quality Dr, American Fork, UT US 84003 ",SIQ13482945,,,,,,,Cancelled,3803,,2026-02-19,,13,86,7,0.05,,,,SYSTEM,2026-02-04 23:59:00,SHIPIQAPI
10001714906,"Built Brands, LLC",71,"600 E. Quality Dr, American Fork, UT US 84003 ",SIQ13482944,,,,,,,Cancelled,580,,2026-02-20,,74,243,19,0.14,,,,SYSTEM,2026-02-04 23:59:00,SHIPIQAPI
10001714906,"Built Brands, LLC",71,"600 E. Quality Dr, American Fork, UT US 84003 ",SIQ13482943,,,,,,,Cancelled,593,,2026-02-14,,164,492,35,0.26,,,,SYSTEM,2026-02-04 23:59:00,SHIPIQAPI
10001714906,"Built Brands, LLC",71,"600 E. Quality Dr, American Fork, UT US 84003 ",SIQ13482942,,,,,,,Cancelled,553,,2026-02-14,,65,244,18,0.14,,,,SYSTEM,2026-02-04 23:59:00,SHIPIQAPI
10001714906,"Built Brands, LLC",71,"600 E. Quality Dr, American Fork, UT US 84003 ",SIQ13482941,,,,,,,Cancelled,587,,2026-02-20,,39,116,9,0.07,,,,SYSTEM,2026-02-04 23:59:00,SHIPIQAPI
10001714906,"Built Brands, LLC",71,"600 E. Quality Dr, American Fork, UT US 84003 ",SIQ13482940,,,,,,,Cancelled,3857,,2026-02-24,,95,278,21,0.16,,,,SYSTEM,2026-02-04 23:59:00,SHIPIQAPI
10001714906,"Built Brands, LLC",71,"600 E. Quality Dr, American Fork, UT US 84003 ",SIQ13482939,,,,,,,Cancelled,594,,2026-02-22,,645,1809,133,0.99,,,,SYSTEM,2026-02-04 23:59:00,SHIPIQAPI
10001714906,"Built Brands, LLC",71,"600 E. Quality Dr, American Fork, UT US 84003 ",SIQ13482938,,,,,,,Cancelled,559,,2026-02-20,,67,191,14,0.11,,,,SYSTEM,2026-02-04 23:59:00,SHIPIQAPI
10001714906,"Built Brands, LLC",71,"600 E. Quality Dr, American Fork, UT US 84003 ",SIQ13482937,,,,,,,Cancelled,3811,,2026-02-21,,233,763,56,0.42,,,,SYSTEM,2026-02-04 23:59:00,SHIPIQAPI
10001714906,"Built Brands, LLC",71,"600 E. Quality Dr, American Fork, UT US 84003 ",SIQ13482936,,,,,,,Cancelled,557,,2026-02-19,,34,92,7,0.05,,,,SYSTEM,2026-02-04 23:59:00,SHIPIQAPI
10001714906,"Built Brands, LLC",71,"600 E. Quality Dr, American Fork, UT US 84003 ",SIQ13482935,,,,,,,Cancelled,3801,,2026-02-17,,141,435,34,0.26,,,,SYSTEM,2026-02-04 23:59:00,SHIPIQAPI
10001714906,"Built Brands, LLC",71,"600 E. Quality Dr, American Fork, UT US 84003 ",SIQ13482934,,,,,,,Cancelled,3804,,2026-02-21,,221,667,49,0.36,,,,SYSTEM,2026-02-04 23:59:00,SHIPIQAPI
10001714906,"Built Brands, LLC",71,"600 E. Quality Dr, American Fork, UT US 84003 ",SIQ13482933,,,,,,,Cancelled,579,,2026-02-23,,1098,3031,222,1.66,,,,SYSTEM,2026-02-04 23:59:00,SHIPIQAPI
10001714906,"Built Brands, LLC",71,"600 E. Quality Dr, American Fork, UT US 84003 ",SIQ13482932,,,,,,,Cancelled,3802,,2026-02-23,,246,833,61,0.46,,,,SYSTEM,2026-02-04 23:59:00,SHIPIQAPI
10001714906,"Built Brands, LLC",71,"600 E. Quality Dr, American Fork, UT US 84003 ",SIQ13482931,,,,,,,Cancelled,554,,2026-02-17,,351,1017,73,0.55,,,,SYSTEM,2026-02-04 23:59:00,SHIPIQAPI
10001714906,"Built Brands, LLC",71,"600 E. Quality Dr, American Fork, UT US 84003 ",SIQ13482930,,,,,,,Cancelled,551,,2026-02-25,,406,1139,83,0.62,,,,SYSTEM,2026-02-04 23:59:00,SHIPIQAPI
10001714906,"Built Brands, LLC",71,"600 E. Quality Dr, American Fork, UT US 84003 ",SIQ13482929,,,,,,,Cancelled,556,,2026-02-21,,372,1069,77,0.58,,,,SYSTEM,2026-02-04 23:59:00,SHIPIQAPI
10001714906,"Built Brands, LLC",71,"600 E. Quality Dr, American Fork, UT US 84003 ",SIQ13482928,,,,,,,Cancelled,558,,2026-02-15,,526,1515,107,0.8,,,,SYSTEM,2026-02-04 23:59:00,SHIPIQAPI
10001714906,"Built Brands, LLC",71,"600 E. Quality Dr, American Fork, UT US 84003 ",SIQ13482927,,,,,,,Cancelled,588,,2026-02-14,,372,1104,80,0.6,,,,SYSTEM,2026-02-04 23:59:00,SHIPIQAPI
10001714906,"Built Brands, LLC",71,"600 E. Quality Dr, American Fork, UT US 84003 ",SIQ13482926,,,,,,,Cancelled,560,,2026-02-23,,286,805,60,0.45,,,,SYSTEM,2026-02-04 23:59:00,SHIPIQAPI
10001714906,"Built Brands, LLC",71,"600 E. Quality Dr, American Fork, UT US 84003 ",SIQ13482925,,,,,,,Cancelled,578,,2026-02-19,,72,275,21,0.16,,,,SYSTEM,2026-02-04 23:59:00,SHIPIQAPI
10001708568,"Built Brands, LLC",71,"600 E. Quality Dr, American Fork, UT US 84003 ",SIQ13417174,69858086,RBRL,,1723417228,,,Picked Up,3806,2026-02-27,2026-02-28,2026-02-26,2736,8208,528,7.77,DRY FOOD,,,SYSTEM,2026-02-17 23:59:00,Jack.Fair@target.com
10001708568,"Built Brands, LLC",71,"600 E. Quality Dr, American Fork, UT US 84003 ",SIQ13417173,69858078,ARVY,,8412496,,,Picked Up,3868,2026-02-27,2026-03-06,2026-03-03,624,1872,121,1.77,DRY FOOD,,,SYSTEM,2026-02-17 23:59:00,Jack.Fair@target.com
10001708568,"Built Brands, LLC",71,"600 E. Quality Dr, American Fork, UT US 84003 ",SIQ13417172,69858085,RBRL,SAIA,1723417435,,,Picked Up,3856,2026-02-27,2026-02-28,2026-02-26,1056,3168,204,3,DRY FOOD,,,SYSTEM,2026-02-17 23:59:00,Jack.Fair@target.com
10001708568,"Built Brands, LLC",71,"600 E. Quality Dr, American Fork, UT US 84003 ",SIQ13417171,69858082,ARVY,,8412494,,,Picked Up,3808,2026-02-27,2026-03-07,2026-02-26,1872,5616,362,5.32,DRY FOOD,,,SYSTEM,2026-02-17 23:59:00,Jack.Fair@target.com
10001708568,"Built Brands, LLC",71,"600 E. Quality Dr, American Fork, UT US 84003 ",SIQ13417170,69858080,ARVY,,8412501,,,Picked Up,3865,2026-02-27,2026-03-05,2026-03-03,1008,3024,195,2.86,DRY FOOD,,,SYSTEM,2026-02-17 23:59:00,Jack.Fair@target.com
10001708568,"Built Brands, LLC",71,"600 E. Quality Dr, American Fork, UT US 84003 ",SIQ13417169,69858081,ARVY,,8412492,,,Picked Up,3857,2026-02-27,2026-03-10,2026-03-05,480,1440,93,1.36,DRY FOOD,,,SYSTEM,2026-02-17 23:59:00,Jack.Fair@target.com
10001708568,"Built Brands, LLC",71,"600 E. Quality Dr, American Fork, UT US 84003 ",SIQ13417168,69858080,ARVY,,8412501,,,Picked Up,3802,2026-02-27,2026-03-09,2026-03-03,1920,5760,371,5.45,DRY FOOD,,,SYSTEM,2026-02-17 23:59:00,Jack.Fair@target.com
10001708568,"Built Brands, LLC",71,"600 E. Quality Dr, American Fork, UT US 84003 ",SIQ13417167,69858082,ARVY,,8412494,,,Picked Up,3811,2026-02-27,2026-03-07,2026-03-02,3120,9360,602,8.86,DRY FOOD,,,SYSTEM,2026-02-17 23:59:00,Jack.Fair@target.com
10001708568,"Built Brands, LLC",71,"600 E. Quality Dr, American Fork, UT US 84003 ",SIQ13417166,69858078,ARVY,,8412496,,,Picked Up,594,2026-02-27,2026-03-08,2026-02-26,2400,7200,463,6.82,DRY FOOD,,,SYSTEM,2026-02-17 23:59:00,Jack.Fair@target.com
10001708568,"Built Brands, LLC",71,"600 E. Quality Dr, American Fork, UT US 84003 ",SIQ13417165,69858084,ARVY,,8412503,,,Picked Up,3804,2026-02-27,2026-03-07,2026-03-03,2640,7920,510,7.5,DRY FOOD,,,SYSTEM,2026-02-17 23:59:00,Jack.Fair@target.com
10001708568,"Built Brands, LLC",71,"600 E. Quality Dr, American Fork, UT US 84003 ",SIQ13417164,69858083,ARVY,,8412504,,,Picked Up,3803,2026-02-27,2026-03-04,2026-02-26,2448,7344,473,6.95,DRY FOOD,,,SYSTEM,2026-02-17 23:59:00,Jack.Fair@target.com
10001708568,"Built Brands, LLC",71,"600 E. Quality Dr, American Fork, UT US 84003 ",SIQ13417163,69858083,ARVY,,8412504,,,Picked Up,3801,2026-02-27,2026-03-03,2026-02-27,1968,5904,380,5.59,DRY FOOD,,,SYSTEM,2026-02-17 23:59:00,Jack.Fair@target.com
10001708568,"Built Brands, LLC",71,"600 E. Quality Dr, American Fork, UT US 84003 ",SIQ13417162,69858082,ARVY,,8412494,,,Picked Up,556,2026-02-27,2026-03-07,2026-02-27,2352,7056,454,6.68,DRY FOOD,,,SYSTEM,2026-02-17 23:59:00,Jack.Fair@target.com
10001708568,"Built Brands, LLC",71,"600 E. Quality Dr, American Fork, UT US 84003 ",SIQ13417161,69858081,ARVY,,8412492,,,Picked Up,589,2026-02-27,2026-03-08,2026-03-03,2496,7488,482,7.09,DRY FOOD,,,SYSTEM,2026-02-17 23:59:00,Jack.Fair@target.com
10001708568,"Built Brands, LLC",71,"600 E. Quality Dr, American Fork, UT US 84003 ",SIQ13417160,69858081,ARVY,,8412492,,,Picked Up,560,2026-02-27,2026-03-09,2026-03-04,2352,7056,454,6.68,DRY FOOD,,,SYSTEM,2026-02-17 23:59:00,Jack.Fair@target.com
10001708568,"Built Brands, LLC",71,"600 E. Quality Dr, American Fork, UT US 84003 ",SIQ13417159,69858080,ARVY,,8412501,,,Picked Up,579,2026-02-27,2026-03-09,2026-03-03,2256,6768,436,6.41,DRY FOOD,,,SYSTEM,2026-02-17 23:59:00,Jack.Fair@target.com
10001708568,"Built Brands, LLC",71,"600 E. Quality Dr, American Fork, UT US 84003 ",SIQ13417158,69858079,RBRL,KBXL,1723417030,,,Picked Up,558,2026-02-27,2026-03-01,2026-02-26,1872,5616,362,5.32,DRY FOOD,,,SYSTEM,2026-02-17 23:59:00,Jack.Fair@target.com
10001708568,"Built Brands, LLC",71,"600 E. Quality Dr, American Fork, UT US 84003 ",SIQ13417157,69858078,ARVY,,8412496,,,Picked Up,578,2026-02-27,2026-03-05,2026-03-03,3024,9072,584,8.59,DRY FOOD,,,SYSTEM,2026-02-17 23:59:00,Jack.Fair@target.com
10001708568,"Built Brands, LLC",71,"600 E. Quality Dr, American Fork, UT US 84003 ",SIQ13417156,69858077,RBRL,,1723417328,,,Picked Up,593,2026-02-27,2026-02-28,2026-02-26,2688,8064,519,7.64,DRY FOOD,,,SYSTEM,2026-02-17 23:59:00,Jack.Fair@target.com
10001708568,"Built Brands, LLC",71,"600 E. Quality Dr, American Fork, UT US 84003 ",SIQ13417155,69858073,ARVY,,8412493,,,Picked Up,590,2026-02-27,2026-03-05,2026-03-03,1776,5328,343,5.05,DRY FOOD,,,SYSTEM,2026-02-17 23:59:00,Jack.Fair@target.com
10001708568,"Built Brands, LLC",71,"600 E. Quality Dr, American Fork, UT US 84003 ",SIQ13417154,69858074,ARVY,,8412502,,,Picked Up,587,2026-02-27,2026-03-06,2026-03-02,2784,8352,538,7.91,DRY FOOD,,,SYSTEM,2026-02-17 23:59:00,Jack.Fair@target.com
10001708568,"Built Brands, LLC",71,"600 E. Quality Dr, American Fork, UT US 84003 ",SIQ13417153,69858073,ARVY,,8412493,,,Picked Up,580,2026-02-27,2026-03-06,2026-03-03,1728,5184,334,4.91,DRY FOOD,,,SYSTEM,2026-02-17 23:59:00,Jack.Fair@target.com
10001708568,"Built Brands, LLC",71,"600 E. Quality Dr, American Fork, UT US 84003 ",SIQ13417152,69570481,ARVY,,8410253,,,Past Pickup,554,2026-02-24,2026-03-03,2026-03-03,1968,5904,380,5.59,REF 40-60,,,SYSTEM,2026-02-17 23:59:00,steve@built.com
10001708568,"Built Brands, LLC",71,"600 E. Quality Dr, American Fork, UT US 84003 ",SIQ13417151,69858074,ARVY,,8412502,,,Picked Up,557,2026-02-27,2026-03-05,2026-02-27,2256,6768,436,6.41,DRY FOOD,,,SYSTEM,2026-02-17 23:59:00,Jack.Fair@target.com
10001708568,"Built Brands, LLC",71,"600 E. Quality Dr, American Fork, UT US 84003 ",SIQ13417150,69858076,ARVY,,8412491,,,Picked Up,555,2026-02-27,2026-02-28,2026-02-26,2784,8352,538,7.91,DRY FOOD,,,SYSTEM,2026-02-17 23:59:00,Jack.Fair@target.com
10001708568,"Built Brands, LLC",71,"600 E. Quality Dr, American Fork, UT US 84003 ",SIQ13417149,69858075,CPGJ,,456531,,,Picked Up,588,2026-02-27,2026-02-28,2026-02-26,2544,7632,491,7.23,REF 40-60,,,SYSTEM,2026-02-17 23:59:00,steve@built.com
10001708568,"Built Brands, LLC",71,"600 E. Quality Dr, American Fork, UT US 84003 ",SIQ13417148,69858074,ARVY,,8412502,,,Picked Up,559,2026-02-27,2026-03-06,2026-03-02,2256,6768,436,6.41,DRY FOOD,,,SYSTEM,2026-02-17 23:59:00,Jack.Fair@target.com
10001708568,"Built Brands, LLC",71,"600 E. Quality Dr, American Fork, UT US 84003 ",SIQ13417147,69858073,ARVY,,8412493,,,Picked Up,551,2026-02-27,2026-03-11,2026-03-09,1488,4464,288,4.23,DRY FOOD,,,SYSTEM,2026-02-17 23:59:00,Jack.Fair@target.com
10001708568,"Built Brands, LLC",71,"600 E. Quality Dr, American Fork, UT US 84003 ",SIQ13417146,69858072,RBRL,,1723417597,,,Picked Up,553,2026-02-27,2026-02-28,2026-02-26,1248,3744,241,3.55,DRY FOOD,,,SYSTEM,2026-02-17 23:59:00,Jack.Fair@target.com
10001702116,"Built Brands, LLC",71,"600 E. Quality Dr, American Fork, UT US 84003 ",SIQ13335315,,,,,,,Cancelled,3857,,2026-02-24,,3,9,1,0.01,,,,SYSTEM,2026-02-03 23:59:00,SHIPIQAPI
10001702116,"Built Brands, LLC",71,"600 E. Quality Dr, American Fork, UT US 84003 ",SIQ13335314,,,,,,,Cancelled,3865,,2026-02-19,,3,9,1,0.01,,,,SYSTEM,2026-02-03 23:59:00,SHIPIQAPI
10001702116,"Built Brands, LLC",71,"600 E. Quality Dr, American Fork, UT US 84003 ",SIQ13335312,,,,,,,Cancelled,3868,,2026-02-20,,3,9,1,0.01,,,,SYSTEM,2026-02-03 23:59:00,SHIPIQAPI
10001702116,"Built Brands, LLC",71,"600 E. Quality Dr, American Fork, UT US 84003 ",SIQ13335313,,,,,,,Cancelled,3856,,2026-02-14,,3,9,1,0.01,,,,SYSTEM,2026-02-03 23:59:00,SHIPIQAPI
10001702116,"Built Brands, LLC",71,"600 E. Quality Dr, American Fork, UT US 84003 ",SIQ13335311,,,,,,,Cancelled,3803,,2026-02-18,,3,9,1,0.01,,,,SYSTEM,2026-02-03 23:59:00,SHIPIQAPI
10001702116,"Built Brands, LLC",71,"600 E. Quality Dr, American Fork, UT US 84003 ",SIQ13335310,,,,,,,Cancelled,3811,,2026-02-21,,3,9,1,0.01,,,,SYSTEM,2026-02-03 23:59:00,SHIPIQAPI
10001702116,"Built Brands, LLC",71,"600 E. Quality Dr, American Fork, UT US 84003 ",SIQ13335309,,,,,,,Cancelled,3802,,2026-02-23,,3,9,1,0.01,,,,SYSTEM,2026-02-03 23:59:00,SHIPIQAPI
10001702116,"Built Brands, LLC",71,"600 E. Quality Dr, American Fork, UT US 84003 ",SIQ13335308,,,,,,,Cancelled,3808,,2026-02-21,,3,9,1,0.01,,,,SYSTEM,2026-02-03 23:59:00,SHIPIQAPI
10001702116,"Built Brands, LLC",71,"600 E. Quality Dr, American Fork, UT US 84003 ",SIQ13335307,,,,,,,Cancelled,594,,2026-02-22,,3,9,1,0.01,,,,SYSTEM,2026-02-03 23:59:00,SHIPIQAPI
10001702116,"Built Brands, LLC",71,"600 E. Quality Dr, American Fork, UT US 84003 ",SIQ13335306,,,,,,,Cancelled,3806,,2026-02-14,,3,9,1,0.01,,,,SYSTEM,2026-02-03 23:59:00,SHIPIQAPI
10001702116,"Built Brands, LLC",71,"600 E. Quality Dr, American Fork, UT US 84003 ",SIQ13335305,,,,,,,Cancelled,3804,,2026-02-21,,3,9,1,0.01,,,,SYSTEM,2026-02-03 23:59:00,SHIPIQAPI
10001702116,"Built Brands, LLC",71,"600 E. Quality Dr, American Fork, UT US 84003 ",SIQ13335304,,,,,,,Cancelled,3801,,2026-02-17,,3,9,1,0.01,,,,SYSTEM,2026-02-03 23:59:00,SHIPIQAPI
10001702116,"Built Brands, LLC",71,"600 E. Quality Dr, American Fork, UT US 84003 ",SIQ13335303,,,,,,,Cancelled,593,,2026-02-14,,3,9,1,0.01,,,,SYSTEM,2026-02-03 23:59:00,SHIPIQAPI
10001702116,"Built Brands, LLC",71,"600 E. Quality Dr, American Fork, UT US 84003 ",SIQ13335302,,,,,,,Cancelled,588,,2026-02-14,,3,9,1,0.01,,,,SYSTEM,2026-02-03 23:59:00,SHIPIQAPI
10001702116,"Built Brands, LLC",71,"600 E. Quality Dr, American Fork, UT US 84003 ",SIQ13335301,,,,,,,Cancelled,559,,2026-02-20,,3,9,1,0.01,,,,SYSTEM,2026-02-03 23:59:00,SHIPIQAPI
10001702116,"Built Brands, LLC",71,"600 E. Quality Dr, American Fork, UT US 84003 ",SIQ13335300,,,,,,,Cancelled,578,,2026-02-19,,3,9,1,0.01,,,,SYSTEM,2026-02-03 23:59:00,SHIPIQAPI
10001702116,"Built Brands, LLC",71,"600 E. Quality Dr, American Fork, UT US 84003 ",SIQ13335299,,,,,,,Cancelled,590,,2026-02-19,,3,9,1,0.01,,,,SYSTEM,2026-02-03 23:59:00,SHIPIQAPI
10001702116,"Built Brands, LLC",71,"600 E. Quality Dr, American Fork, UT US 84003 ",SIQ13335298,,,,,,,Cancelled,589,,2026-02-22,,3,9,1,0.01,,,,SYSTEM,2026-02-03 23:59:00,SHIPIQAPI
10001702116,"Built Brands, LLC",71,"600 E. Quality Dr, American Fork, UT US 84003 ",SIQ13335297,,,,,,,Cancelled,587,,2026-02-20,,3,9,1,0.01,,,,SYSTEM,2026-02-03 23:59:00,SHIPIQAPI
10001702116,"Built Brands, LLC",71,"600 E. Quality Dr, American Fork, UT US 84003 ",SIQ13335296,,,,,,,Cancelled,580,,2026-02-20,,3,9,1,0.01,,,,SYSTEM,2026-02-03 23:59:00,SHIPIQAPI
10001702116,"Built Brands, LLC",71,"600 E. Quality Dr, American Fork, UT US 84003 ",SIQ13335295,,,,,,,Cancelled,556,,2026-02-21,,3,9,1,0.01,,,,SYSTEM,2026-02-03 23:59:00,SHIPIQAPI
10001702116,"Built Brands, LLC",71,"600 E. Quality Dr, American Fork, UT US 84003 ",SIQ13335294,,,,,,,Cancelled,555,,2026-02-14,,3,9,1,0.01,,,,SYSTEM,2026-02-03 23:59:00,SHIPIQAPI
10001702116,"Built Brands, LLC",71,"600 E. Quality Dr, American Fork, UT US 84003 ",SIQ13335293,,,,,,,Cancelled,579,,2026-02-23,,3,9,1,0.01,,,,SYSTEM,2026-02-03 23:59:00,SHIPIQAPI
10001702116,"Built Brands, LLC",71,"600 E. Quality Dr, American Fork, UT US 84003 ",SIQ13335292,,,,,,,Cancelled,560,,2026-02-23,,3,9,1,0.01,,,,SYSTEM,2026-02-03 23:59:00,SHIPIQAPI
10001702116,"Built Brands, LLC",71,"600 E. Quality Dr, American Fork, UT US 84003 ",SIQ13335291,,,,,,,Cancelled,551,,2026-02-25,,3,9,1,0.01,,,,SYSTEM,2026-02-03 23:59:00,SHIPIQAPI
10001702116,"Built Brands, LLC",71,"600 E. Quality Dr, American Fork, UT US 84003 ",SIQ13335290,,,,,,,Cancelled,558,,2026-02-15,,3,9,1,0.01,,,,SYSTEM,2026-02-03 23:59:00,SHIPIQAPI
10001702116,"Built Brands, LLC",71,"600 E. Quality Dr, American Fork, UT US 84003 ",SIQ13335289,,,,,,,Cancelled,557,,2026-02-19,,3,9,1,0.01,,,,SYSTEM,2026-02-03 23:59:00,SHIPIQAPI
10001702116,"Built Brands, LLC",71,"600 E. Quality Dr, American Fork, UT US 84003 ",SIQ13335288,,,,,,,Cancelled,554,,2026-02-17,,3,9,1,0.01,,,,SYSTEM,2026-02-03 23:59:00,SHIPIQAPI
10001702116,"Built Brands, LLC",71,"600 E. Quality Dr, American Fork, UT US 84003 ",SIQ13335287,,,,,,,Cancelled,553,,2026-02-14,,3,9,1,0.01,,,,SYSTEM,2026-02-03 23:59:00,SHIPIQAPI
10001694552,"Built Brands, LLC",71,"600 E. Quality Dr, American Fork, UT US 84003 ",SIQ13282252,68164682,ARVY,,8228715,,,Picked Up,3857,2026-01-27,2026-02-10,2026-02-05,65,195,13,0.18,DRY FOOD,,,SYSTEM,2026-01-21 23:59:00,steve@built.com
10001694552,"Built Brands, LLC",71,"600 E. Quality Dr, American Fork, UT US 84003 ",SIQ13282251,68164682,ARVY,,8228715,,,Picked Up,3856,2026-01-27,2026-02-01,2026-01-29,638,1914,126,1.81,DRY FOOD,,,SYSTEM,2026-01-21 23:59:00,steve@built.com
10001694552,"Built Brands, LLC",71,"600 E. Quality Dr, American Fork, UT US 84003 ",SIQ13282250,68163699,ARVY,,8228736,,,Picked Up,3865,2026-01-28,2026-02-06,2026-02-12,396,1188,79,1.13,DRY FOOD,,,SYSTEM,2026-01-21 23:59:00,steve@built.com
10001694552,"Built Brands, LLC",71,"600 E. Quality Dr, American Fork, UT US 84003 ",SIQ13282249,68165145,ARVY,,8228785,,,Picked Up,3808,2026-01-27,2026-02-07,2026-01-29,1223,3669,241,3.47,DRY FOOD,,,SYSTEM,2026-01-21 23:59:00,steve@built.com
10001694552,"Built Brands, LLC",71,"600 E. Quality Dr, American Fork, UT US 84003 ",SIQ13282248,68262447,ARVY,,8235484,,,Picked Up,3811,2026-01-28,2026-02-07,2026-02-09,1815,5445,358,5.16,DRY FOOD,,,SYSTEM,2026-01-21 23:59:00,steve@built.com
10001694552,"Built Brands, LLC",71,"600 E. Quality Dr, American Fork, UT US 84003 ",SIQ13282247,68164682,ARVY,,8228715,,,Picked Up,3806,2026-01-27,2026-02-01,2026-01-30,2129,6387,421,6.05,DRY FOOD,,,SYSTEM,2026-01-21 23:59:00,steve@built.com
10001694552,"Built Brands, LLC",71,"600 E. Quality Dr, American Fork, UT US 84003 ",SIQ13282246,68262447,ARVY,,8235484,,,Picked Up,594,2026-01-28,2026-02-08,2026-02-05,1225,3675,241,3.48,DRY FOOD,,,SYSTEM,2026-01-21 23:59:00,steve@built.com
10001694552,"Built Brands, LLC",71,"600 E. Quality Dr, American Fork, UT US 84003 ",SIQ13282245,68163699,ARVY,,8228736,,,Picked Up,590,2026-01-28,2026-02-05,2026-02-12,2654,7962,522,7.54,DRY FOOD,,,SYSTEM,2026-01-21 23:59:00,steve@built.com
10001694552,"Built Brands, LLC",71,"600 E. Quality Dr, American Fork, UT US 84003 ",SIQ13282244,68262447,ARVY,,8235484,,,Picked Up,3804,2026-01-28,2026-02-07,2026-02-10,1441,4323,284,4.09,DRY FOOD,,,SYSTEM,2026-01-21 23:59:00,steve@built.com
10001694552,"Built Brands, LLC",71,"600 E. Quality Dr, American Fork, UT US 84003 ",SIQ13282243,68165145,ARVY,,8228785,,,Picked Up,3803,2026-01-27,2026-02-05,2026-01-30,2553,7659,503,7.25,DRY FOOD,,,SYSTEM,2026-01-21 23:59:00,steve@built.com
10001694552,"Built Brands, LLC",71,"600 E. Quality Dr, American Fork, UT US 84003 ",SIQ13282242,68163700,RBRL,,1719039015,,,Picked Up,3802,2026-01-27,2026-02-09,2026-02-03,837,2511,167,2.38,DRY FOOD,,,SYSTEM,2026-01-21 23:59:00,steve@built.com
10001694552,"Built Brands, LLC",71,"600 E. Quality Dr, American Fork, UT US 84003 ",SIQ13282241,68164682,ARVY,,8228715,,,Picked Up,3801,2026-01-27,2026-02-03,2026-01-30,1415,4245,278,4.02,DRY FOOD,,,SYSTEM,2026-01-21 23:59:00,steve@built.com
10001694552,"Built Brands, LLC",71,"600 E. Quality Dr, American Fork, UT US 84003 ",SIQ13282240,68164682,ARVY,,8228715,,,Picked Up,593,2026-01-27,2026-01-31,2026-01-29,2561,7683,504,7.28,DRY FOOD,,,SYSTEM,2026-01-21 23:59:00,steve@built.com
10001694552,"Built Brands, LLC",71,"600 E. Quality Dr, American Fork, UT US 84003 ",SIQ13282239,68165145,ARVY,,8228785,,,Picked Up,587,2026-01-27,2026-02-06,2026-02-02,1597,4791,316,4.54,DRY FOOD,,,SYSTEM,2026-01-21 23:59:00,steve@built.com
10001694552,"Built Brands, LLC",71,"600 E. Quality Dr, American Fork, UT US 84003 ",SIQ13282238,68163700,RBRL,,1719039015,,,Picked Up,589,2026-01-27,2026-02-10,2026-02-05,1000,3000,197,2.84,DRY FOOD,,,SYSTEM,2026-01-21 23:59:00,steve@built.com
10001694552,"Built Brands, LLC",71,"600 E. Quality Dr, American Fork, UT US 84003 ",SIQ13282237,68164682,ARVY,,8228715,,,Picked Up,558,2026-01-27,2026-02-01,2026-01-29,2108,6324,418,5.99,DRY FOOD,,,SYSTEM,2026-01-21 23:59:00,steve@built.com
10001694552,"Built Brands, LLC",71,"600 E. Quality Dr, American Fork, UT US 84003 ",SIQ13282236,68163699,ARVY,,8228736,,,Picked Up,557,2026-01-28,2026-02-05,2026-02-10,2488,7464,490,7.07,DRY FOOD,,,SYSTEM,2026-01-21 23:59:00,steve@built.com
10001694552,"Built Brands, LLC",71,"600 E. Quality Dr, American Fork, UT US 84003 ",SIQ13282235,68163701,RBRL,,1719039415,,,Picked Up,588,2026-01-29,2026-01-31,2026-02-13,2849,8547,562,8.09,DRY FOOD,,,SYSTEM,2026-01-21 23:59:00,steve@built.com
10001694552,"Built Brands, LLC",71,"600 E. Quality Dr, American Fork, UT US 84003 ",SIQ13282234,68163700,RBRL,,1719039015,,,Picked Up,551,2026-01-27,2026-02-11,2026-02-09,1382,4146,272,3.93,DRY FOOD,,,SYSTEM,2026-01-21 23:59:00,steve@built.com
10001694552,"Built Brands, LLC",71,"600 E. Quality Dr, American Fork, UT US 84003 ",SIQ13282233,68163700,RBRL,,1719039015,,,Picked Up,560,2026-01-27,2026-02-09,2026-02-04,878,2634,172,2.49,DRY FOOD,,,SYSTEM,2026-01-21 23:59:00,steve@built.com
10001694552,"Built Brands, LLC",71,"600 E. Quality Dr, American Fork, UT US 84003 ",SIQ13282232,68163699,ARVY,,8228736,,,Picked Up,578,2026-01-28,2026-02-05,2026-02-12,1966,5898,388,5.59,DRY FOOD,,,SYSTEM,2026-01-21 23:59:00,steve@built.com
10001694552,"Built Brands, LLC",71,"600 E. Quality Dr, American Fork, UT US 84003 ",SIQ13282231,68262447,ARVY,,8235484,,,Picked Up,556,2026-01-28,2026-02-07,2026-02-06,1495,4485,294,4.25,DRY FOOD,,,SYSTEM,2026-01-21 23:59:00,steve@built.com
10001694552,"Built Brands, LLC",71,"600 E. Quality Dr, American Fork, UT US 84003 ",SIQ13282230,68165145,ARVY,,8228785,,,Picked Up,559,2026-01-27,2026-02-06,2026-02-02,1768,5304,349,5.02,DRY FOOD,,,SYSTEM,2026-01-21 23:59:00,steve@built.com
10001694552,"Built Brands, LLC",71,"600 E. Quality Dr, American Fork, UT US 84003 ",SIQ13282229,68163699,ARVY,,8228736,,,Picked Up,554,2026-01-28,2026-02-03,2026-02-12,1612,4836,319,4.58,DRY FOOD,,,SYSTEM,2026-01-21 23:59:00,steve@built.com
10001694552,"Built Brands, LLC",71,"600 E. Quality Dr, American Fork, UT US 84003 ",SIQ13282228,68165145,ARVY,,8228785,,,Picked Up,580,2026-01-27,2026-02-06,2026-02-03,1394,4182,275,3.96,DRY FOOD,,,SYSTEM,2026-01-21 23:59:00,steve@built.com
10001694552,"Built Brands, LLC",71,"600 E. Quality Dr, American Fork, UT US 84003 ",SIQ13282227,68262447,ARVY,,8235484,,,Picked Up,579,2026-01-28,2026-02-09,2026-02-06,1973,5919,388,5.61,DRY FOOD,,,SYSTEM,2026-01-21 23:59:00,steve@built.com
10001694552,"Built Brands, LLC",71,"600 E. Quality Dr, American Fork, UT US 84003 ",SIQ13282226,68163697,RBRL,,1719040673,,,Picked Up,553,2026-01-27,2026-01-31,2026-01-29,1985,5955,391,5.64,DRY FOOD,,,SYSTEM,2026-01-21 23:59:00,steve@built.com
10001694552,"Built Brands, LLC",71,"600 E. Quality Dr, American Fork, UT US 84003 ",SIQ13282225,68163696,ARVY,,8228789,,,Picked Up,555,2026-01-29,2026-01-31,2026-02-12,4317,12951,850,12.26,DRY FOOD,,,SYSTEM,2026-01-21 23:59:00,steve@built.com
10001689939,"Built Brands, LLC",94,"600 E. Quality Dr, American Fork, UT US 84003 ",SIQ13225104,70193642,ARVY,,8465626,,,Picked Up,3868,2026-03-13,2026-03-20,2026-03-26,663,2321,199,2.5,DRY FOOD,,,SYSTEM,2026-03-03 23:59:00,steve@built.com
10001689939,"Built Brands, LLC",94,"600 E. Quality Dr, American Fork, UT US 84003 ",SIQ13225103,70193636,ARVY,,8465621,,,Picked Up,3811,2026-03-10,2026-03-21,2026-03-16,1812,6342,544,6.86,DRY FOOD,,,SYSTEM,2026-03-03 23:59:00,steve@built.com
10001689939,"Built Brands, LLC",94,"600 E. Quality Dr, American Fork, UT US 84003 ",SIQ13225102,70247134,ARVY,,8473933,,,Picked Up,3857,2026-03-11,2026-03-24,2026-03-19,1318,4613,396,4.99,DRY FOOD,,,SYSTEM,2026-03-03 23:59:00,steve@built.com
10001689939,"Built Brands, LLC",94,"600 E. Quality Dr, American Fork, UT US 84003 ",SIQ13225101,70193641,ARVY,,8465612,,,Picked Up,3865,2026-03-12,2026-03-19,2026-03-26,1153,4036,346,4.37,DRY FOOD,,,SYSTEM,2026-03-03 23:59:00,steve@built.com
10001689939,"Built Brands, LLC",94,"600 E. Quality Dr, American Fork, UT US 84003 ",SIQ13225100,70193639,ARVY,,8465631,,,Picked Up,3856,2026-03-12,2026-03-14,2026-03-26,1066,3731,320,4.03,DRY FOOD,,,SYSTEM,2026-03-03 23:59:00,steve@built.com
10001689939,"Built Brands, LLC",94,"600 E. Quality Dr, American Fork, UT US 84003 ",SIQ13225099,70193643,ARVY,,8465607,,,Picked Up,3808,2026-03-13,2026-03-21,2026-03-20,1491,5219,448,5.65,DRY FOOD,,,SYSTEM,2026-03-03 23:59:00,steve@built.com
10001689939,"Built Brands, LLC",94,"600 E. Quality Dr, American Fork, UT US 84003 ",SIQ13225098,70193640,ARVY,,8465661,,,Picked Up,3803,2026-03-12,2026-03-18,2026-03-25,1486,5201,446,5.63,DRY FOOD,,,SYSTEM,2026-03-03 23:59:00,steve@built.com
10001689939,"Built Brands, LLC",94,"600 E. Quality Dr, American Fork, UT US 84003 ",SIQ13225097,70193644,ARVY,,8465627,,,Picked Up,594,2026-03-13,2026-03-22,2026-03-19,1758,6153,528,6.66,DRY FOOD,,,SYSTEM,2026-03-03 23:59:00,steve@built.com
10001689939,"Built Brands, LLC",94,"600 E. Quality Dr, American Fork, UT US 84003 ",SIQ13225096,70193639,ARVY,,8465631,,,Picked Up,3806,2026-03-12,2026-03-14,2026-03-27,1353,4736,406,5.13,DRY FOOD,,,SYSTEM,2026-03-03 23:59:00,steve@built.com
10001689939,"Built Brands, LLC",94,"600 E. Quality Dr, American Fork, UT US 84003 ",SIQ13225095,70193641,ARVY,,8465612,,,Picked Up,3801,2026-03-12,2026-03-17,2026-03-26,869,3042,261,3.3,DRY FOOD,,,SYSTEM,2026-03-03 23:59:00,steve@built.com
10001689939,"Built Brands, LLC",94,"600 E. Quality Dr, American Fork, UT US 84003 ",SIQ13225094,70193644,ARVY,,8465627,,,Picked Up,3804,2026-03-13,2026-03-21,2026-03-26,1625,5688,488,6.16,DRY FOOD,,,SYSTEM,2026-03-03 23:59:00,steve@built.com
10001689939,"Built Brands, LLC",94,"600 E. Quality Dr, American Fork, UT US 84003 ",SIQ13225093,70193637,ARVY,,8465630,,,Picked Up,3802,2026-03-10,2026-03-23,2026-03-17,1244,4354,374,4.71,DRY FOOD,,,SYSTEM,2026-03-03 23:59:00,steve@built.com
10001689939,"Built Brands, LLC",94,"600 E. Quality Dr, American Fork, UT US 84003 ",SIQ13225092,70193639,ARVY,,8465631,,,Picked Up,593,2026-03-12,2026-03-14,2026-03-27,1301,4554,391,4.93,DRY FOOD,,,SYSTEM,2026-03-03 23:59:00,steve@built.com
10001689939,"Built Brands, LLC",94,"600 E. Quality Dr, American Fork, UT US 84003 ",SIQ13225091,70193643,ARVY,,8465607,,,Picked Up,559,2026-03-13,2026-03-20,2026-03-26,1251,4379,376,4.74,DRY FOOD,,,SYSTEM,2026-03-03 23:59:00,steve@built.com
10001689939,"Built Brands, LLC",94,"600 E. Quality Dr, American Fork, UT US 84003 ",SIQ13225090,70193644,ARVY,,8465627,,,Picked Up,589,2026-03-13,2026-03-22,2026-03-25,1842,6447,553,7,DRY FOOD,,,SYSTEM,2026-03-03 23:59:00,steve@built.com
10001689939,"Built Brands, LLC",94,"600 E. Quality Dr, American Fork, UT US 84003 ",SIQ13225089,70193642,ARVY,,8465626,,,Picked Up,578,2026-03-13,2026-03-19,2026-03-26,1467,5135,441,5.56,DRY FOOD,,,SYSTEM,2026-03-03 23:59:00,steve@built.com
10001689939,"Built Brands, LLC",94,"600 E. Quality Dr, American Fork, UT US 84003 ",SIQ13225088,70193638,ARVY,,8465605,,,Picked Up,588,2026-03-10,2026-03-14,2026-03-12,1783,6241,535,6.75,DRY FOOD,,,SYSTEM,2026-03-03 23:59:00,steve@built.com
10001689939,"Built Brands, LLC",94,"600 E. Quality Dr, American Fork, UT US 84003 ",SIQ13225087,70193643,ARVY,,8465607,,,Picked Up,580,2026-03-13,2026-03-20,2026-03-26,1189,4162,357,4.5,DRY FOOD,,,SYSTEM,2026-03-03 23:59:00,steve@built.com
10001689939,"Built Brands, LLC",94,"600 E. Quality Dr, American Fork, UT US 84003 ",SIQ13225086,70193642,ARVY,,8465626,,,Picked Up,587,2026-03-13,2026-03-20,2026-03-26,1161,4064,349,4.4,DRY FOOD,,,SYSTEM,2026-03-03 23:59:00,steve@built.com
10001689939,"Built Brands, LLC",94,"600 E. Quality Dr, American Fork, UT US 84003 ",SIQ13225085,70193640,ARVY,,8465661,,,Picked Up,590,2026-03-12,2026-03-19,2026-03-26,1497,5240,450,5.67,DRY FOOD,,,SYSTEM,2026-03-03 23:59:00,steve@built.com
10001689939,"Built Brands, LLC",94,"600 E. Quality Dr, American Fork, UT US 84003 ",SIQ13225084,70247134,ARVY,,8473933,,,Picked Up,560,2026-03-11,2026-03-23,2026-03-18,1445,5058,434,5.47,DRY FOOD,,,SYSTEM,2026-03-03 23:59:00,steve@built.com
10001689939,"Built Brands, LLC",94,"600 E. Quality Dr, American Fork, UT US 84003 ",SIQ13225083,70193637,ARVY,,8465630,,,Picked Up,579,2026-03-10,2026-03-23,2026-03-17,2008,7028,603,7.61,DRY FOOD,,,SYSTEM,2026-03-03 23:59:00,steve@built.com
10001689939,"Built Brands, LLC",94,"600 E. Quality Dr, American Fork, UT US 84003 ",SIQ13225082,70193641,ARVY,,8465612,,,Picked Up,554,2026-03-12,2026-03-17,2026-03-27,994,3479,299,3.77,DRY FOOD,,,SYSTEM,2026-03-03 23:59:00,steve@built.com
10001689939,"Built Brands, LLC",94,"600 E. Quality Dr, American Fork, UT US 84003 ",SIQ13225081,70193640,ARVY,,8465661,,,Picked Up,557,2026-03-12,2026-03-19,2026-03-25,1373,4806,412,5.2,DRY FOOD,,,SYSTEM,2026-03-03 23:59:00,steve@built.com
10001689939,"Built Brands, LLC",94,"600 E. Quality Dr, American Fork, UT US 84003 ",SIQ13225080,70193639,ARVY,,8465631,,,Picked Up,553,2026-03-12,2026-03-14,2026-03-26,736,2576,221,2.79,DRY FOOD,,,SYSTEM,2026-03-03 23:59:00,steve@built.com
10001689939,"Built Brands, LLC",94,"600 E. Quality Dr, American Fork, UT US 84003 ",SIQ13225079,70193638,ARVY,,8465605,,,Picked Up,558,2026-03-10,2026-03-15,2026-03-12,1074,3759,323,4.07,DRY FOOD,,,SYSTEM,2026-03-03 23:59:00,steve@built.com
10001689939,"Built Brands, LLC",94,"600 E. Quality Dr, American Fork, UT US 84003 ",SIQ13225078,70193638,ARVY,,8465605,,,Picked Up,555,2026-03-10,2026-03-14,2026-03-12,1637,5730,492,6.2,DRY FOOD,,,SYSTEM,2026-03-03 23:59:00,steve@built.com
10001689939,"Built Brands, LLC",94,"600 E. Quality Dr, American Fork, UT US 84003 ",SIQ13225077,70193637,ARVY,,8465630,,,Picked Up,551,2026-03-10,2026-03-25,2026-03-23,765,2678,230,2.9,DRY FOOD,,,SYSTEM,2026-03-03 23:59:00,steve@built.com
10001689939,"Built Brands, LLC",94,"600 E. Quality Dr, American Fork, UT US 84003 ",SIQ13225076,70193636,ARVY,,8465621,,,Picked Up,556,2026-03-10,2026-03-21,2026-03-13,1373,4806,412,5.2,DRY FOOD,,,SYSTEM,2026-03-03 23:59:00,steve@built.com
10001677680,"Built Brands, LLC",71,"600 E. Quality Dr, American Fork, UT US 84003 ",SIQ13113861,67454668,RBRL,SAIA,1717171818,,,Picked Up,3801,2026-01-13,2026-01-20,2026-01-16,2093,2093,409,5.95,DRY FOOD,,,SYSTEM,2026-01-08 23:59:00,steve@built.com
10001677680,"Built Brands, LLC",71,"600 E. Quality Dr, American Fork, UT US 84003 ",SIQ13113860,67454659,ARVY,,8155268,,,Picked Up,3868,2026-01-15,2026-01-23,2026-01-29,717,2151,139,2.04,DRY FOOD,,,SYSTEM,2026-01-08 23:59:00,steve@built.com
10001677680,"Built Brands, LLC",71,"600 E. Quality Dr, American Fork, UT US 84003 ",SIQ13113859,67454663,ARVY,,8155232,,,Picked Up,578,2026-01-22,2026-01-22,2026-02-05,2673,8019,524,7.59,DRY FOOD,,,SYSTEM,2026-01-08 23:59:00,steve@built.com
10001677680,"Built Brands, LLC",71,"600 E. Quality Dr, American Fork, UT US 84003 ",SIQ13113858,67454662,ARVY,,8155269,,,Picked Up,3804,2026-01-16,2026-01-24,2026-01-29,3318,9954,651,9.43,DRY FOOD,,,SYSTEM,2026-01-08 23:59:00,steve@built.com
10001677680,"Built Brands, LLC",71,"600 E. Quality Dr, American Fork, UT US 84003 ",SIQ13113857,67420585,HBGI,,143061344,,,Picked Up,3803,2026-01-13,2026-01-21,2026-01-15,3233,9699,635,9.18,DRY FOOD,,,SYSTEM,2026-01-08 23:59:00,steve@built.com
10001677680,"Built Brands, LLC",71,"600 E. Quality Dr, American Fork, UT US 84003 ",SIQ13113855,67454660,ARVY,,8155229,,,Picked Up,3857,2026-01-21,2026-01-27,2026-02-03,1268,3804,251,3.6,DRY FOOD,,,SYSTEM,2026-01-08 23:59:00,steve@built.com
10001677680,"Built Brands, LLC",71,"600 E. Quality Dr, American Fork, UT US 84003 ",SIQ13113854,67454660,ARVY,,8155229,,,Picked Up,3865,2026-01-21,2026-01-22,2026-02-05,1356,4068,266,3.85,DRY FOOD,,,SYSTEM,2026-01-08 23:59:00,steve@built.com
10001677680,"Built Brands, LLC",71,"600 E. Quality Dr, American Fork, UT US 84003 ",SIQ13113853,67454665,ARVY,,8155266,,,Picked Up,3811,2026-01-19,2026-01-24,2026-01-29,3426,10278,671,9.73,DRY FOOD,,,SYSTEM,2026-01-08 23:59:00,steve@built.com
10001677680,"Built Brands, LLC",71,"600 E. Quality Dr, American Fork, UT US 84003 ",SIQ13113852,67454665,ARVY,,8155266,,,Picked Up,3808,2026-01-19,2026-01-24,2026-01-28,2371,7113,465,6.74,DRY FOOD,,,SYSTEM,2026-01-08 23:59:00,steve@built.com
10001677680,"Built Brands, LLC",71,"600 E. Quality Dr, American Fork, UT US 84003 ",SIQ13113851,67454664,ARVY,,8155270,,,Picked Up,3802,2026-01-20,2026-01-26,2026-01-29,4628,13884,906,13.15,DRY FOOD,,,SYSTEM,2026-01-08 23:59:00,steve@built.com
10001677680,"Built Brands, LLC",71,"600 E. Quality Dr, American Fork, UT US 84003 ",SIQ13113850,67454659,ARVY,,8155268,,,Picked Up,594,2026-01-15,2026-01-25,2026-01-22,3278,9834,643,9.31,DRY FOOD,,,SYSTEM,2026-01-08 23:59:00,steve@built.com
10001677680,"Built Brands, LLC",71,"600 E. Quality Dr, American Fork, UT US 84003 ",SIQ13113848,67454659,ARVY,,8155268,,,Picked Up,579,2026-01-15,2026-01-26,2026-01-26,2790,8370,552,7.93,DRY FOOD,,,SYSTEM,2026-01-08 23:59:00,steve@built.com
10001677680,"Built Brands, LLC",71,"600 E. Quality Dr, American Fork, UT US 84003 ",SIQ13113847,67454665,ARVY,,8155266,,,Picked Up,580,2026-01-19,2026-01-23,2026-02-02,2708,8124,532,7.69,DRY FOOD,,,SYSTEM,2026-01-08 23:59:00,steve@built.com
10001677680,"Built Brands, LLC",71,"600 E. Quality Dr, American Fork, UT US 84003 ",SIQ13113846,67454660,ARVY,,8155229,,,Picked Up,590,2026-01-21,2026-01-22,2026-02-05,3242,9726,637,9.21,DRY FOOD,,,SYSTEM,2026-01-08 23:59:00,steve@built.com
10001677680,"Built Brands, LLC",71,"600 E. Quality Dr, American Fork, UT US 84003 ",SIQ13113844,67454662,ARVY,,8155269,,,Picked Up,589,2026-01-16,2026-01-25,2026-01-28,2658,7974,522,7.55,DRY FOOD,,,SYSTEM,2026-01-08 23:59:00,steve@built.com
10001677680,"Built Brands, LLC",71,"600 E. Quality Dr, American Fork, UT US 84003 ",SIQ13113843,67454663,ARVY,,8155232,,,Picked Up,587,2026-01-22,2026-01-23,2026-02-04,3261,9783,640,9.26,DRY FOOD,,,SYSTEM,2026-01-08 23:59:00,steve@built.com
10001677680,"Built Brands, LLC",71,"600 E. Quality Dr, American Fork, UT US 84003 ",SIQ13113842,67454664,ARVY,,8155270,,,Picked Up,560,2026-01-20,2026-01-26,2026-01-30,3549,10647,697,10.08,DRY FOOD,,,SYSTEM,2026-01-08 23:59:00,steve@built.com
10001677680,"Built Brands, LLC",71,"600 E. Quality Dr, American Fork, UT US 84003 ",SIQ13113841,67454663,ARVY,,8155232,,,Picked Up,559,2026-01-22,2026-01-23,2026-02-04,3174,9522,624,9.02,DRY FOOD,,,SYSTEM,2026-01-08 23:59:00,steve@built.com
10001677680,"Built Brands, LLC",71,"600 E. Quality Dr, American Fork, UT US 84003 ",SIQ13113840,67454662,ARVY,,8155269,,,Picked Up,556,2026-01-16,2026-01-24,2026-01-27,2938,8814,576,8.35,DRY FOOD,,,SYSTEM,2026-01-08 23:59:00,steve@built.com
10001677680,"Built Brands, LLC",71,"600 E. Quality Dr, American Fork, UT US 84003 ",SIQ13113839,67544020,ARVY,,8164835,,,Picked Up,554,2026-01-15,2026-01-20,2026-01-20,3047,9141,599,8.66,DRY FOOD,,,SYSTEM,2026-01-08 23:59:00,steve@built.com
10001677680,"Built Brands, LLC",71,"600 E. Quality Dr, American Fork, UT US 84003 ",SIQ13113836,67454660,ARVY,,8155229,,,Picked Up,557,2026-01-21,2026-01-22,2026-02-03,3117,9351,612,8.86,DRY FOOD,,,SYSTEM,2026-01-08 23:59:00,steve@built.com
10001677680,"Built Brands, LLC",71,"600 E. Quality Dr, American Fork, UT US 84003 ",SIQ13113835,67454659,ARVY,,8155268,,,Picked Up,551,2026-01-15,2026-01-28,2026-01-29,1489,4467,293,4.23,DRY FOOD,,,SYSTEM,2026-01-08 23:59:00,steve@built.com
10001673989,"Built Brands, LLC",71,"600 E. Quality Dr, American Fork, UT US 84003 ",SIQ13076594,,,,,,,Cancelled,3857,,2026-01-27,,551,1534,110,0.82,,,,SYSTEM,2026-01-07 23:59:00,SHIPIQAPI
10001673989,"Built Brands, LLC",71,"600 E. Quality Dr, American Fork, UT US 84003 ",SIQ13076593,,,,,,,Cancelled,3868,,2026-01-23,,101,273,20,0.15,,,,SYSTEM,2026-01-07 23:59:00,SHIPIQAPI
10001673989,"Built Brands, LLC",71,"600 E. Quality Dr, American Fork, UT US 84003 ",SIQ13076592,,,,,,,Cancelled,3808,,2026-01-24,,1505,4112,295,2.21,,,,SYSTEM,2026-01-07 23:59:00,SHIPIQAPI
10001673989,"Built Brands, LLC",71,"600 E. Quality Dr, American Fork, UT US 84003 ",SIQ13076591,,,,,,,Cancelled,3865,,2026-01-23,,639,1744,126,0.94,,,,SYSTEM,2026-01-07 23:59:00,SHIPIQAPI
10001673989,"Built Brands, LLC",71,"600 E. Quality Dr, American Fork, UT US 84003 ",SIQ13076589,,,,,,,Cancelled,3801,,2026-01-20,,1260,3449,246,1.84,,,,SYSTEM,2026-01-07 23:59:00,SHIPIQAPI
10001673989,"Built Brands, LLC",71,"600 E. Quality Dr, American Fork, UT US 84003 ",SIQ13076586,,,,,,,Cancelled,578,,2026-01-22,,1840,5021,361,2.69,,,,SYSTEM,2026-01-07 23:59:00,SHIPIQAPI
10001673989,"Built Brands, LLC",71,"600 E. Quality Dr, American Fork, UT US 84003 ",SIQ13076585,,,,,,,Cancelled,3811,,2026-01-24,,2505,6810,490,3.66,,,,SYSTEM,2026-01-07 23:59:00,SHIPIQAPI
10001673989,"Built Brands, LLC",71,"600 E. Quality Dr, American Fork, UT US 84003 ",SIQ13076584,,,,,,,Cancelled,3803,,2026-01-22,,2312,6327,454,3.39,,,,SYSTEM,2026-01-07 23:59:00,SHIPIQAPI
10001673989,"Built Brands, LLC",71,"600 E. Quality Dr, American Fork, UT US 84003 ",SIQ13076583,,,,,,,Cancelled,3804,,2026-01-24,,2397,6546,470,3.51,,,,SYSTEM,2026-01-07 23:59:00,SHIPIQAPI
10001673989,"Built Brands, LLC",71,"600 E. Quality Dr, American Fork, UT US 84003 ",SIQ13076582,,,,,,,Cancelled,589,,2026-01-27,,1737,4731,341,2.55,,,,SYSTEM,2026-01-07 23:59:00,SHIPIQAPI
10001673989,"Built Brands, LLC",71,"600 E. Quality Dr, American Fork, UT US 84003 ",SIQ13076580,,,,,,,Cancelled,3802,,2026-01-26,,3707,9935,726,5.42,,,,SYSTEM,2026-01-07 23:59:00,SHIPIQAPI
10001673989,"Built Brands, LLC",71,"600 E. Quality Dr, American Fork, UT US 84003 ",SIQ13076579,,,,,,,Cancelled,560,,2026-01-26,,2628,7201,517,3.86,,,,SYSTEM,2026-01-07 23:59:00,SHIPIQAPI
10001673989,"Built Brands, LLC",71,"600 E. Quality Dr, American Fork, UT US 84003 ",SIQ13076578,,,,,,,Cancelled,594,,2026-01-25,,2357,6410,462,3.45,,,,SYSTEM,2026-01-07 23:59:00,SHIPIQAPI
10001673989,"Built Brands, LLC",71,"600 E. Quality Dr, American Fork, UT US 84003 ",SIQ13076577,,,,,,,Cancelled,559,,2026-01-23,,2253,6191,443,3.31,,,,SYSTEM,2026-01-07 23:59:00,SHIPIQAPI
10001673989,"Built Brands, LLC",71,"600 E. Quality Dr, American Fork, UT US 84003 ",SIQ13076576,,,,,,,Cancelled,590,,2026-01-22,,2321,6370,456,3.41,,,,SYSTEM,2026-01-07 23:59:00,SHIPIQAPI
10001673989,"Built Brands, LLC",71,"600 E. Quality Dr, American Fork, UT US 84003 ",SIQ13076575,,,,,,,Cancelled,580,,2026-01-23,,1787,4880,351,2.62,,,,SYSTEM,2026-01-07 23:59:00,SHIPIQAPI
10001673989,"Built Brands, LLC",71,"600 E. Quality Dr, American Fork, UT US 84003 ",SIQ13076573,,,,,,,Cancelled,579,,2026-01-26,,1869,5095,371,2.77,,,,SYSTEM,2026-01-07 23:59:00,SHIPIQAPI
10001673989,"Built Brands, LLC",71,"600 E. Quality Dr, American Fork, UT US 84003 ",SIQ13076572,,,,,,,Cancelled,551,,2026-01-28,,717,2017,142,1.06,,,,SYSTEM,2026-01-07 23:59:00,SHIPIQAPI
10001673989,"Built Brands, LLC",71,"600 E. Quality Dr, American Fork, UT US 84003 ",SIQ13076570,,,,,,,Cancelled,556,,2026-01-24,,2017,5492,395,2.95,,,,SYSTEM,2026-01-07 23:59:00,SHIPIQAPI
10001673989,"Built Brands, LLC",71,"600 E. Quality Dr, American Fork, UT US 84003 ",SIQ13076569,,,,,,,Cancelled,587,,2026-01-23,,2340,6395,459,3.43,,,,SYSTEM,2026-01-07 23:59:00,SHIPIQAPI
10001673989,"Built Brands, LLC",71,"600 E. Quality Dr, American Fork, UT US 84003 ",SIQ13076568,,,,,,,Cancelled,557,,2026-01-22,,2196,6024,432,3.22,,,,SYSTEM,2026-01-07 23:59:00,SHIPIQAPI
10001673989,"Built Brands, LLC",71,"600 E. Quality Dr, American Fork, UT US 84003 ",SIQ13076566,,,,,,,Cancelled,554,,2026-01-20,,2126,5787,418,3.12,,,,SYSTEM,2026-01-07 23:59:00,SHIPIQAPI